candidate_id,gender,race,age,education_years,experience_years,skill_score,interview_score,certification_count,project_count,gpa,hired
1,Male,White,42,16,22,85.68,50.67,3,4,2.81,1
2,Non-Binary,White,58,15,35,97.31,43.55,1,5,2.08,1
3,Female,Other,48,20,27,93.26,68.77,0,4,3.67,1
4,Female,White,50,14,27,59.09,56.8,2,1,2.42,0
5,Male,White,41,18,23,49.96,41.01,7,8,2.66,0
6,Male,Hispanic,46,19,23,84.75,74.99,2,4,3.74,1
7,Male,Black,27,17,4,62.7,67.54,1,10,3.49,0
8,Female,Hispanic,57,21,34,68.39,49.23,7,10,2.44,0
9,Female,White,23,12,0,77.82,63.58,0,4,2.14,0
10,Female,Black,43,19,24,94.47,82.2,0,9,3.43,1
11,Male,White,53,21,33,65.15,44.37,1,8,2.78,1
12,Non-Binary,White,37,14,16,87.0,50.5,4,2,3.53,0
13,Female,Other,39,19,19,56.1,54.23,4,4,2.89,0
14,Male,White,26,15,2,81.88,82.27,0,14,2.69,1
15,Male,Black,57,19,33,40.09,89.28,4,12,2.9,1
16,Male,Black,51,12,33,92.29,56.35,4,11,3.5,1
17,Male,White,40,14,16,41.82,50.76,4,4,3.8,0
18,Female,Hispanic,44,17,25,82.77,92.26,0,1,2.1,0
19,Male,White,55,20,31,42.78,99.96,7,10,3.05,1
20,Male,Asian,34,13,11,55.97,76.92,4,3,2.07,0
21,Female,Other,50,12,30,69.83,99.3,7,10,2.94,0
22,Male,Black,57,21,35,65.2,76.2,2,10,3.77,1
23,Male,Other,43,14,22,51.51,81.34,5,1,2.72,1
24,Male,White,57,15,33,60.03,57.21,0,4,3.86,0
25,Female,Black,30,16,10,83.66,60.31,1,9,3.26,0
26,Female,White,40,14,22,80.16,40.09,4,12,3.87,0
27,Male,Asian,59,21,35,44.31,87.59,3,11,3.51,1
28,Female,Other,27,13,8,84.84,95.17,0,1,2.21,0
29,Female,White,36,13,12,43.18,73.64,6,9,2.46,0
30,Male,Asian,41,18,17,72.58,54.06,1,14,2.79,1
31,Female,White,30,20,6,55.6,40.78,5,13,2.34,0
32,Male,Black,53,21,35,75.26,48.56,2,8,2.99,1
33,Male,Black,25,13,1,55.68,47.88,7,9,2.94,0
34,Non-Binary,Other,39,18,18,99.1,72.95,7,5,3.91,1
35,Non-Binary,Asian,26,18,6,58.58,96.15,6,7,2.87,0
36,Female,White,41,18,22,54.52,33.38,1,8,3.57,0
37,Male,White,44,14,20,56.71,30.07,4,14,3.88,0
38,Male,White,32,18,8,93.79,72.01,3,12,3.75,1
39,Female,White,58,12,34,78.17,49.88,4,7,2.42,0
40,Male,White,43,21,19,83.84,91.64,1,4,2.99,1
41,Male,Hispanic,25,12,2,95.08,52.91,0,4,2.7,0
42,Female,Black,50,16,27,94.71,50.28,6,5,2.8,0
43,Male,Black,55,13,33,84.34,48.87,3,13,2.72,1
44,Non-Binary,White,34,20,10,51.87,40.14,7,0,3.65,0
45,Male,Hispanic,30,18,8,90.6,70.71,6,12,2.9,1
46,Female,Asian,52,15,31,52.23,41.77,6,10,3.05,0
47,Male,White,28,15,6,84.57,59.72,3,7,3.96,1
48,Female,Asian,25,13,5,81.14,62.27,7,1,2.12,0
49,Female,Black,40,16,17,85.53,31.43,7,5,2.98,0
50,Male,White,51,15,28,71.96,31.18,1,13,3.55,1
51,Non-Binary,Black,52,12,28,78.32,66.41,5,13,2.3,0
52,Female,Black,56,19,32,97.2,78.72,5,8,3.22,1
53,Non-Binary,White,42,14,21,46.07,95.95,4,12,2.48,0
54,Female,Other,52,17,33,58.53,42.54,1,2,3.73,0
55,Female,Hispanic,40,15,19,76.68,37.23,3,1,2.65,0
56,Non-Binary,Asian,52,20,32,97.84,33.65,1,9,2.66,1
57,Male,Black,53,18,29,45.73,60.52,3,4,3.2,0
58,Male,Black,23,20,0,41.35,73.62,6,10,2.37,0
59,Male,Asian,31,21,10,43.34,88.84,4,8,2.57,1
60,Male,Black,23,14,2,43.14,77.79,0,5,2.83,0
61,Male,White,23,12,2,94.47,44.59,6,13,2.71,1
62,Male,Black,45,16,22,83.28,62.32,7,7,3.05,1
63,Female,Hispanic,38,14,16,80.63,93.72,0,7,3.2,0
64,Male,Black,53,17,31,71.35,52.87,1,6,3.13,0
65,Male,White,37,19,13,86.92,64.91,3,4,3.31,1
66,Female,Hispanic,37,15,14,49.34,97.1,0,1,2.62,0
67,Male,White,52,16,31,63.52,81.43,6,13,2.25,1
68,Female,White,45,16,21,69.4,82.34,3,14,3.52,0
69,Male,White,22,15,0,46.62,47.66,4,9,3.7,0
70,Non-Binary,White,32,15,12,65.17,59.03,6,9,2.51,0
71,Female,Hispanic,42,15,23,58.99,35.76,7,4,2.81,0
72,Male,Black,25,15,2,42.13,72.46,1,11,3.0,0
73,Male,White,28,15,10,48.2,37.26,3,6,3.07,0
74,Female,Hispanic,47,16,23,85.84,88.51,1,11,3.32,1
75,Female,Hispanic,33,13,11,41.08,87.02,3,11,2.08,0
76,Female,Hispanic,52,13,34,96.06,67.35,6,6,3.44,1
77,Female,White,38,20,17,45.19,39.88,5,10,2.12,0
78,Male,Black,54,13,35,87.95,31.79,5,12,2.94,1
79,Male,Other,32,17,12,93.92,85.77,3,14,3.66,1
80,Male,Hispanic,49,13,30,96.47,72.01,4,1,2.9,1
81,Female,White,53,16,34,92.05,79.77,1,6,2.3,1
82,Female,White,22,15,0,57.25,51.27,7,5,3.97,0
83,Male,Black,49,18,25,59.99,65.66,2,6,3.78,1
84,Male,Other,28,18,4,65.59,82.3,3,10,3.54,0
85,Male,Black,23,17,4,48.36,62.38,3,7,2.82,0
86,Male,Black,45,21,24,41.34,72.1,5,3,2.37,1
87,Female,White,25,16,1,92.15,85.28,0,0,3.88,0
88,Female,Asian,40,12,21,73.25,45.07,6,7,3.06,0
89,Female,Hispanic,47,14,23,76.52,34.62,5,7,3.7,0
90,Female,White,32,20,11,95.62,67.23,1,2,2.68,1
91,Male,Hispanic,32,12,12,79.91,34.35,5,2,2.67,0
92,Female,Other,24,16,6,81.45,83.66,2,4,3.97,0
93,Female,White,33,13,14,87.22,80.34,4,13,3.04,0
94,Female,Black,24,15,2,46.98,91.72,6,2,2.28,0
95,Female,White,48,12,26,61.61,74.77,2,14,2.44,0
96,Female,Hispanic,23,14,4,98.09,34.7,4,13,2.96,0
97,Female,Black,37,21,14,95.38,47.72,2,4,2.08,0
98,Male,Asian,23,18,3,93.04,86.56,7,14,2.93,1
99,Male,Hispanic,51,21,28,67.13,41.7,6,7,2.84,0
100,Male,White,41,14,23,91.43,78.89,5,0,3.56,1
101,Male,Other,59,15,35,42.9,84.62,2,1,2.71,0
102,Female,Black,49,13,28,48.91,53.11,5,1,3.97,0
103,Male,White,46,14,27,64.84,52.56,6,11,2.36,1
104,Female,Asian,53,20,35,69.0,69.05,5,3,3.18,1
105,Non-Binary,Hispanic,31,14,7,55.81,90.29,1,8,2.18,0
106,Male,White,54,16,32,61.39,45.67,5,1,3.47,1
107,Male,Hispanic,34,13,14,49.77,95.89,0,11,3.99,0
108,Female,Other,58,15,35,69.35,71.94,2,13,3.64,1
109,Male,White,37,18,17,87.63,99.45,6,10,3.11,1
110,Male,Other,43,18,23,79.68,36.27,3,12,2.97,1
111,Male,White,41,14,22,46.47,38.86,3,14,3.67,0
112,Male,White,48,16,28,69.25,87.86,3,11,3.87,1
113,Non-Binary,White,37,12,14,81.86,90.53,6,8,3.98,1
114,Female,Hispanic,55,21,35,71.79,61.18,0,6,2.79,0
115,Female,Asian,53,21,32,63.5,79.98,5,9,3.98,1
116,Female,White,47,21,25,77.31,90.73,2,7,2.31,1
117,Female,Black,46,12,25,98.12,33.02,4,0,2.51,0
118,Male,Asian,23,16,5,45.69,70.18,4,12,2.18,0
119,Female,White,33,21,9,63.4,89.74,6,4,2.54,1
120,Female,Hispanic,30,20,12,64.4,57.87,1,8,3.54,0
121,Female,Hispanic,33,12,11,74.62,51.17,0,11,3.71,0
122,Female,Black,47,12,26,49.13,85.7,2,3,3.56,0
123,Male,Other,30,15,9,50.6,53.51,5,1,3.26,0
124,Male,Black,31,15,12,57.12,30.22,3,5,3.03,0
125,Male,Other,53,13,34,97.35,97.17,0,1,3.42,1
126,Male,Asian,55,20,35,84.05,71.45,0,2,2.78,1
127,Female,Asian,41,20,23,79.7,87.37,2,13,3.68,1
128,Female,White,23,13,0,89.02,87.77,6,7,3.35,0
129,Male,Hispanic,22,20,2,47.65,34.65,5,14,3.4,0
130,Female,Black,57,17,35,91.56,41.96,7,2,3.07,0
131,Male,White,45,19,26,75.69,51.78,7,1,3.77,1
132,Male,White,48,21,26,60.12,52.45,6,5,2.5,1
133,Male,Black,23,15,0,88.95,76.12,6,13,2.76,1
134,Male,Black,52,13,33,88.15,73.62,1,2,3.56,1
135,Non-Binary,Asian,35,13,16,90.74,64.62,6,0,2.99,0
136,Male,Hispanic,23,20,3,46.93,44.79,5,11,3.78,0
137,Female,White,50,12,28,98.16,56.74,1,13,2.69,1
138,Female,Asian,36,18,14,97.58,68.05,7,14,2.74,0
139,Male,White,33,14,11,61.45,62.76,1,14,3.78,1
140,Non-Binary,Hispanic,58,14,35,43.95,38.91,3,13,2.93,0
141,Non-Binary,Hispanic,49,13,30,50.02,75.47,3,2,3.03,0
142,Male,Black,41,21,17,99.57,35.11,7,5,2.67,0
143,Female,Asian,45,17,23,73.78,56.47,2,2,2.55,0
144,Male,White,42,21,21,61.4,79.7,7,8,3.31,1
145,Male,Black,31,13,11,57.29,31.4,5,6,2.24,0
146,Male,Hispanic,35,21,12,55.42,69.9,6,13,3.76,0
147,Female,Black,58,15,34,79.85,53.42,1,4,3.56,0
148,Female,White,39,21,18,65.16,30.62,2,1,2.38,0
149,Male,Black,45,20,23,97.92,43.33,1,14,3.39,1
150,Male,Hispanic,35,20,12,81.03,95.87,0,8,3.21,1
151,Non-Binary,White,55,17,31,87.52,66.48,4,4,2.37,1
152,Male,White,33,15,13,57.56,99.81,4,6,2.55,1
153,Male,Asian,43,18,20,44.75,66.74,1,8,2.82,0
154,Female,Hispanic,27,12,8,69.27,68.08,2,3,3.4,0
155,Non-Binary,White,57,15,35,58.87,57.43,7,8,3.28,0
156,Male,White,57,16,34,52.12,51.7,3,0,3.06,0
157,Female,White,43,19,25,97.16,47.61,5,11,3.54,1
158,Female,White,35,13,14,66.64,54.04,1,5,3.52,0
159,Male,Black,37,16,13,50.48,62.19,1,1,3.24,0
160,Female,Asian,57,17,35,51.92,43.44,5,7,3.57,0
161,Male,Asian,46,16,25,56.84,45.74,7,4,2.67,0
162,Female,Asian,53,20,31,99.96,49.01,6,14,3.76,1
163,Female,White,54,21,34,56.08,61.45,3,2,3.23,1
164,Female,Hispanic,57,12,34,59.73,75.7,1,1,3.64,0
165,Male,Black,41,14,17,79.56,89.93,0,7,3.09,1
166,Female,Other,39,13,20,57.64,50.1,3,6,2.44,0
167,Male,Asian,59,14,35,52.95,42.86,0,8,3.08,1
168,Male,White,24,21,4,49.52,56.52,4,7,2.74,0
169,Male,Asian,44,20,20,58.76,92.61,5,10,3.39,1
170,Female,White,53,20,33,46.35,30.69,3,3,2.95,0
171,Female,Asian,37,21,15,41.12,77.45,6,1,3.67,0
172,Male,White,26,13,6,88.28,63.4,3,13,3.36,1
173,Female,White,25,14,3,48.27,41.27,2,12,3.37,0
174,Male,Hispanic,42,15,19,86.56,52.47,2,1,2.43,0
175,Female,White,35,20,12,87.85,45.75,5,1,3.97,0
176,Male,Hispanic,52,14,31,72.28,91.45,6,13,3.68,1
177,Female,White,35,18,13,58.58,63.73,3,10,3.58,0
178,Male,Asian,27,14,8,48.7,69.42,7,11,2.66,0
179,Non-Binary,Asian,33,18,10,84.21,71.56,4,5,3.07,0
180,Male,Black,37,18,17,76.08,74.77,6,6,2.27,0
181,Male,White,38,20,14,79.33,64.69,1,11,3.08,1
182,Male,White,44,13,20,40.52,31.25,5,5,2.29,0
183,Non-Binary,White,35,17,17,95.65,53.43,7,1,3.11,1
184,Female,White,28,20,6,43.98,42.87,6,3,3.3,0
185,Male,Asian,53,13,34,62.01,77.61,5,2,2.78,1
186,Female,Other,36,13,15,64.16,33.97,6,10,3.0,0
187,Female,Hispanic,38,16,18,40.08,69.47,2,12,3.75,0
188,Female,Hispanic,55,21,33,69.83,44.74,4,3,2.22,0
189,Female,Hispanic,26,21,8,85.17,96.42,5,4,3.58,1
190,Male,Asian,48,21,24,89.4,53.49,4,6,2.34,1
191,Male,White,44,19,22,92.76,52.77,5,13,2.07,1
192,Female,Other,35,20,15,69.26,94.64,2,8,2.37,1
193,Non-Binary,Asian,36,13,17,77.84,59.21,1,14,3.53,0
194,Female,Black,54,16,35,44.77,97.4,7,10,2.81,0
195,Male,White,52,18,29,69.28,31.69,2,1,3.75,1
196,Male,Black,56,17,35,49.29,51.44,5,7,3.05,1
197,Female,Black,38,17,20,62.18,76.63,4,2,2.04,0
198,Female,Hispanic,49,18,26,59.76,92.36,0,8,3.43,0
199,Female,Black,40,14,17,65.41,47.95,2,9,2.22,0
200,Female,White,44,14,21,74.3,95.13,4,11,3.58,1
201,Female,Other,53,21,31,94.17,71.59,6,3,2.34,1
202,Male,White,34,20,16,63.67,86.07,6,14,2.69,1
203,Male,Black,41,19,17,98.87,57.8,2,2,3.52,1
204,Female,White,56,16,35,85.54,44.85,5,9,3.91,1
205,Female,Asian,26,17,4,70.69,93.79,6,5,2.74,0
206,Male,Other,30,21,6,78.64,95.32,4,9,3.66,1
207,Male,White,50,12,31,46.13,64.83,7,12,2.38,0
208,Female,Hispanic,27,21,9,90.67,30.45,1,8,3.61,0
209,Male,White,46,12,28,74.94,37.68,4,6,3.31,1
210,Male,Other,52,15,32,99.16,70.11,6,3,2.39,1
211,Female,Hispanic,43,13,24,78.19,31.66,6,2,2.61,0
212,Female,Hispanic,23,18,4,90.05,57.78,3,9,2.26,0
213,Female,White,26,13,8,87.99,51.24,0,3,2.77,0
214,Male,Other,48,21,29,60.73,80.0,5,2,2.41,1
215,Female,Asian,46,13,25,55.58,33.89,4,11,3.29,0
216,Male,White,29,16,9,65.83,64.21,6,2,3.99,1
217,Male,Hispanic,22,15,0,68.03,70.54,5,11,2.02,0
218,Female,White,41,19,19,54.41,73.21,2,13,3.08,0
219,Female,Hispanic,44,15,20,93.68,58.36,2,12,3.15,0
220,Female,White,53,17,31,72.55,51.31,4,8,3.83,0
221,Female,Asian,32,16,9,98.71,77.77,3,3,3.01,0
222,Female,Black,45,13,26,88.6,89.33,6,8,3.09,0
223,Male,White,32,19,10,73.34,78.55,4,11,2.94,1
224,Male,White,50,13,26,96.82,95.25,1,14,2.54,1
225,Male,White,47,20,23,70.29,80.21,3,9,2.11,1
226,Male,Black,37,20,14,93.23,83.52,6,4,2.82,1
227,Non-Binary,White,56,14,32,61.49,41.75,6,6,2.11,0
228,Male,Black,41,15,23,62.72,59.37,5,13,3.1,1
229,Female,White,24,19,3,65.09,63.95,4,4,2.61,0
230,Female,White,22,20,4,72.8,47.94,6,0,3.07,0
231,Female,Asian,22,14,3,73.21,67.0,5,1,2.27,0
232,Female,White,38,16,19,69.78,50.36,6,10,3.87,0
233,Female,Other,23,19,4,58.36,78.13,0,14,3.79,0
234,Female,Hispanic,50,14,30,95.63,62.92,3,4,2.38,0
235,Male,Asian,41,18,19,75.32,62.12,4,5,2.69,0
236,Female,Black,27,19,6,64.46,98.85,0,6,3.23,0
237,Male,Hispanic,29,21,7,79.07,57.47,4,1,2.19,0
238,Male,White,50,14,29,86.08,55.36,1,9,2.71,1
239,Female,White,54,13,32,97.64,52.3,2,8,2.5,0
240,Male,White,24,21,1,69.97,92.63,7,5,3.83,1
241,Non-Binary,Hispanic,56,18,35,46.73,64.77,5,1,3.71,0
242,Non-Binary,White,26,20,2,66.45,72.0,4,1,3.16,0
243,Non-Binary,Black,48,12,24,68.74,42.66,3,2,3.04,0
244,Male,Other,33,14,15,93.82,67.87,4,0,3.86,1
245,Male,Hispanic,41,16,18,63.69,49.23,4,8,3.86,0
246,Non-Binary,Black,41,14,20,97.2,81.14,4,13,3.94,1
247,Male,White,30,12,12,69.11,88.28,7,9,2.25,1
248,Non-Binary,Hispanic,25,18,5,98.43,80.04,6,10,2.32,1
249,Non-Binary,Black,40,18,19,40.49,81.12,4,3,3.35,0
250,Female,White,59,21,35,93.93,65.87,6,4,3.08,1
251,Male,White,48,19,28,95.87,79.85,3,6,2.04,1
252,Male,Other,34,16,12,97.66,59.59,3,0,2.12,1
253,Female,Asian,34,21,14,40.78,75.6,4,2,3.78,0
254,Male,Hispanic,43,16,22,50.3,48.13,6,13,3.74,0
255,Male,Hispanic,49,16,26,79.23,34.88,2,2,2.71,0
256,Female,Black,43,12,21,41.53,58.94,4,1,3.78,0
257,Non-Binary,Black,40,21,19,43.82,62.32,5,7,3.19,0
258,Female,Black,29,16,7,53.26,47.95,5,4,3.61,0
259,Female,White,29,17,9,70.75,80.94,3,0,2.85,0
260,Male,Black,47,12,23,72.75,35.15,7,11,2.23,0
261,Female,Hispanic,47,18,26,42.06,45.59,5,1,2.87,0
262,Non-Binary,Asian,44,12,21,50.22,82.4,5,0,2.91,0
263,Male,Hispanic,34,13,16,69.98,60.6,1,14,3.1,0
264,Female,Black,49,13,29,75.64,79.37,4,5,2.21,0
265,Female,Asian,30,16,9,48.9,69.72,4,8,3.98,0
266,Female,Asian,41,21,18,63.93,96.55,4,10,2.49,1
267,Female,Black,40,18,19,94.26,71.85,4,6,2.4,0
268,Female,Asian,33,12,13,99.93,31.04,0,4,3.05,0
269,Male,White,36,21,15,99.23,54.7,4,11,3.07,1
270,Male,Black,52,12,30,92.9,40.01,7,12,2.88,0
271,Female,White,35,12,15,63.68,94.72,6,2,3.54,1
272,Female,White,32,17,11,81.19,37.28,3,11,3.03,0
273,Female,Black,47,13,29,65.0,57.14,6,11,3.22,0
274,Non-Binary,Asian,48,12,24,78.91,45.83,7,7,3.45,0
275,Female,Other,32,17,11,58.57,89.27,3,9,2.05,0
276,Female,Asian,59,13,35,76.37,51.6,0,3,3.14,0
277,Female,Asian,55,17,32,71.43,99.43,4,8,3.77,1
278,Female,Black,40,21,22,41.47,32.7,2,4,2.03,0
279,Female,Asian,27,19,4,87.44,38.98,6,13,2.81,0
280,Female,White,59,13,35,40.71,45.72,4,5,3.85,0
281,Female,White,49,20,26,57.59,86.78,3,4,2.71,1
282,Male,White,22,19,0,40.36,91.5,6,9,2.92,0
283,Male,Black,56,21,34,62.57,35.0,1,11,3.96,1
284,Male,White,29,12,9,43.79,32.27,5,10,2.4,0
285,Female,White,28,18,5,94.81,82.12,1,6,2.13,1
286,Male,White,32,21,14,64.94,39.33,2,6,3.72,1
287,Female,Other,25,17,3,67.57,39.31,4,0,3.74,0
288,Female,White,46,17,25,60.99,31.57,0,1,2.94,0
289,Male,Black,33,17,9,77.65,33.49,4,6,3.03,0
290,Female,White,47,17,25,87.06,48.46,2,7,3.67,0
291,Male,Asian,59,21,35,78.89,34.55,2,3,3.48,1
292,Male,White,33,18,13,84.89,55.82,5,5,2.53,1
293,Female,White,58,14,35,94.36,88.29,2,10,2.03,1
294,Male,Black,45,17,25,91.81,52.84,1,11,2.96,0
295,Male,White,37,14,13,80.44,80.95,5,9,3.72,1
296,Female,White,34,18,10,52.88,36.57,4,2,3.79,0
297,Female,White,46,18,25,78.26,76.16,6,6,3.91,0
298,Male,White,25,19,5,70.36,52.17,4,10,3.76,0
299,Female,White,32,13,12,83.03,82.48,0,2,3.16,0
300,Male,White,53,20,30,89.98,39.54,2,10,2.89,1
301,Male,Hispanic,28,16,5,84.56,92.85,2,6,3.55,0
302,Female,Black,32,20,11,90.79,46.98,3,11,3.48,0
303,Female,Black,49,21,25,43.83,54.72,5,10,3.08,0
304,Female,White,44,16,25,41.9,96.51,3,11,2.17,1
305,Female,Other,44,18,21,55.51,70.49,5,10,3.85,0
306,Non-Binary,White,49,20,27,94.04,55.6,1,7,2.91,1
307,Female,White,47,15,23,89.42,96.47,5,2,2.73,1
308,Male,Asian,46,13,27,80.96,53.04,4,1,3.26,0
309,Female,White,50,20,28,82.05,36.64,0,11,3.35,0
310,Male,White,40,13,22,83.6,99.78,6,5,2.42,1
311,Male,Black,54,14,34,96.56,48.75,5,3,3.67,1
312,Male,Hispanic,57,21,33,89.93,89.59,5,7,2.58,1
313,Male,Black,35,13,17,77.4,41.59,5,12,2.37,0
314,Non-Binary,Asian,35,14,14,79.94,81.19,0,14,2.81,0
315,Female,Other,56,17,35,52.82,66.71,2,13,3.46,1
316,Female,White,51,14,31,79.44,98.66,0,1,3.93,1
317,Male,White,49,21,27,65.48,68.7,7,3,3.62,1
318,Male,White,38,19,20,49.18,31.75,7,1,3.88,0
319,Male,Black,24,17,4,88.38,72.27,7,13,2.28,0
320,Male,Black,37,18,14,70.61,40.17,2,1,2.14,0
321,Female,Other,51,12,27,98.65,85.9,7,1,3.12,1
322,Female,Asian,50,14,27,56.9,89.96,6,0,2.58,0
323,Female,Asian,36,14,14,68.84,63.75,4,3,3.66,0
324,Male,White,46,13,27,66.88,84.83,0,1,3.34,1
325,Non-Binary,Hispanic,59,18,35,47.25,40.16,2,8,3.94,0
326,Female,Other,59,20,35,65.57,64.45,4,8,2.51,1
327,Female,Hispanic,44,15,24,57.25,57.58,4,10,2.97,0
328,Female,White,46,16,28,49.62,72.79,2,10,3.0,0
329,Male,Asian,28,14,10,56.93,33.11,7,6,2.48,0
330,Male,White,43,20,22,54.0,82.65,2,5,3.18,1
331,Male,White,38,15,16,84.04,35.54,1,11,2.89,0
332,Female,White,39,16,15,41.85,75.95,4,2,2.89,0
333,Male,Asian,31,12,10,77.05,31.29,2,13,2.73,0
334,Male,Asian,31,13,11,85.64,88.23,4,11,2.03,1
335,Male,White,28,20,9,68.84,42.23,7,13,3.04,1
336,Male,White,59,13,35,95.89,66.08,0,14,2.67,1
337,Female,Black,48,16,29,82.47,48.3,6,6,2.0,0
338,Female,White,54,19,30,84.88,80.59,3,0,2.62,1
339,Female,White,22,14,3,51.82,52.49,7,8,2.56,0
340,Male,Black,55,17,35,86.64,80.72,3,3,2.79,1
341,Female,Hispanic,25,15,1,89.93,49.94,5,5,2.26,0
342,Female,White,38,18,14,61.68,82.67,2,5,3.02,0
343,Male,White,25,21,3,52.8,32.14,2,10,3.38,0
344,Male,White,47,14,28,63.1,49.83,7,2,3.26,1
345,Male,Other,25,17,4,84.38,64.9,4,3,3.61,0
346,Female,Asian,22,21,0,65.06,33.15,7,12,2.9,0
347,Female,Asian,28,20,8,84.2,43.02,5,10,3.04,0
348,Male,White,51,21,32,46.81,95.42,7,9,3.62,1
349,Male,Black,30,12,6,88.36,98.38,2,2,2.86,0
350,Female,White,56,14,35,55.19,81.78,7,12,3.4,1
351,Female,Asian,29,13,11,54.94,47.65,4,5,2.87,0
352,Female,Other,45,19,23,75.42,48.24,2,0,2.84,0
353,Female,Asian,40,18,21,44.21,75.21,4,7,3.52,0
354,Male,Hispanic,57,13,35,41.58,38.23,7,7,2.35,0
355,Male,Asian,48,17,24,55.66,96.38,2,8,2.68,1
356,Female,White,53,14,29,72.28,45.74,1,5,2.45,0
357,Male,Other,35,19,15,94.46,99.97,6,0,2.72,1
358,Female,White,39,21,19,90.79,64.7,4,2,2.46,1
359,Non-Binary,Black,49,14,30,69.43,84.0,6,14,3.16,1
360,Female,White,50,21,32,42.22,30.15,1,0,3.6,0
361,Male,White,37,20,19,72.12,92.21,1,14,3.57,1
362,Female,Black,56,12,32,82.29,48.9,1,12,2.73,0
363,Female,White,52,16,33,60.35,76.76,1,14,3.98,1
364,Female,Black,25,14,1,46.66,86.44,0,4,3.19,0
365,Non-Binary,Black,58,17,35,56.71,41.49,6,2,2.8,0
366,Male,White,38,21,17,86.3,60.98,7,13,3.67,1
367,Non-Binary,White,47,13,24,61.07,64.57,5,1,3.46,0
368,Non-Binary,Black,25,20,2,88.72,51.85,7,2,3.5,0
369,Male,White,51,17,27,59.17,63.72,7,8,2.39,1
370,Male,Asian,51,18,33,49.81,52.23,6,10,2.94,1
371,Male,Asian,43,16,23,66.15,55.25,7,7,3.72,0
372,Male,Hispanic,32,20,10,67.14,76.85,3,12,3.01,1
373,Male,Asian,23,12,1,40.97,74.28,0,2,3.37,0
374,Female,Black,33,16,10,47.02,46.26,7,10,3.18,0
375,Male,Asian,51,21,30,51.1,92.82,2,1,3.68,1
376,Male,White,57,17,34,46.82,90.4,7,4,2.57,1
377,Female,White,39,18,15,60.49,65.64,2,11,3.15,0
378,Male,Hispanic,47,15,26,97.88,60.33,5,11,2.25,1
379,Female,Black,28,12,6,70.55,56.38,3,12,3.38,0
380,Male,Hispanic,22,19,4,77.65,79.51,3,11,3.46,1
381,Male,Hispanic,47,21,27,61.38,77.02,3,0,2.09,1
382,Female,Hispanic,44,15,24,59.41,43.73,1,3,3.35,0
383,Female,Other,47,14,23,41.39,77.0,0,7,2.83,0
384,Female,Black,27,18,4,70.02,47.67,7,0,2.25,0
385,Female,White,27,13,3,69.02,31.3,2,4,2.84,0
386,Female,Black,29,19,9,49.47,78.94,0,11,2.39,0
387,Male,White,45,17,23,85.86,75.14,0,3,2.83,1
388,Male,Asian,43,18,23,69.56,58.76,0,5,2.77,1
389,Female,Asian,40,16,19,60.34,66.8,3,6,3.48,0
390,Female,Asian,58,20,35,48.81,96.3,5,8,3.55,1
391,Non-Binary,White,39,16,21,73.13,71.66,5,0,3.21,1
392,Male,White,52,16,33,85.17,76.05,3,10,2.05,1
393,Male,Black,58,14,35,56.92,34.47,2,9,3.86,0
394,Female,White,51,12,31,53.13,41.62,2,3,3.37,0
395,Male,Hispanic,54,13,35,71.32,51.07,2,5,2.07,0
396,Non-Binary,White,31,19,12,49.32,67.76,7,9,3.64,1
397,Female,White,58,12,35,80.0,84.36,5,6,2.4,1
398,Male,White,33,18,10,76.32,52.49,7,6,3.16,1
399,Female,Asian,51,16,31,45.22,54.95,5,7,2.93,0
400,Female,Asian,48,14,30,42.19,47.93,0,13,2.84,0
401,Male,White,30,18,6,77.22,47.82,3,9,3.78,0
402,Non-Binary,White,42,20,22,57.66,96.42,1,7,2.87,1
403,Female,Black,33,13,9,45.19,74.48,0,7,2.15,0
404,Female,White,50,19,29,85.57,40.91,4,7,3.89,0
405,Male,Asian,54,20,34,58.84,80.56,7,11,3.84,1
406,Female,Asian,36,14,18,67.58,80.54,5,14,3.37,0
407,Male,White,23,13,2,54.21,76.65,0,7,2.94,0
408,Male,White,39,18,18,77.64,39.43,3,5,2.19,0
409,Non-Binary,Other,24,16,1,58.09,58.56,4,8,3.58,0
410,Male,Black,28,16,8,98.08,37.47,6,2,2.15,0
411,Male,Asian,39,21,15,82.18,87.16,7,5,2.14,1
412,Non-Binary,White,59,16,35,48.2,75.86,0,4,3.07,0
413,Non-Binary,Black,58,15,35,65.0,65.5,3,14,2.32,0
414,Female,White,54,16,35,63.13,54.01,3,14,2.02,1
415,Female,Black,52,15,29,72.05,42.9,5,7,2.85,0
416,Male,Other,32,17,9,90.52,37.45,1,3,2.27,0
417,Male,White,25,15,2,75.01,97.85,0,3,2.32,1
418,Male,White,39,13,15,43.69,43.98,3,12,2.15,0
419,Female,White,25,20,4,79.32,34.19,7,14,2.41,0
420,Female,White,55,13,35,40.5,97.32,2,9,3.43,1
421,Female,White,50,20,31,86.8,68.43,3,10,3.62,1
422,Female,White,45,21,22,80.0,85.77,1,9,2.91,1
423,Male,Hispanic,43,17,19,58.53,33.06,3,12,3.01,0
424,Female,Black,23,20,0,57.55,69.69,5,4,2.07,0
425,Male,White,27,20,6,87.9,57.87,6,10,2.14,1
426,Female,Other,46,14,26,87.0,84.04,0,12,2.52,1
427,Male,White,42,12,22,61.14,32.69,5,12,3.09,0
428,Female,Other,37,12,19,57.94,58.12,0,14,3.48,0
429,Male,White,52,14,34,73.59,85.94,4,5,3.21,1
430,Male,Hispanic,35,16,12,40.5,66.59,0,14,2.78,0
431,Male,Asian,49,14,31,44.96,68.5,4,10,2.24,0
432,Female,Hispanic,53,20,30,47.57,36.8,5,3,3.56,0
433,Female,Other,49,20,30,51.12,39.26,2,1,2.73,0
434,Male,White,30,14,12,70.72,77.39,7,11,3.47,1
435,Male,Other,43,14,22,99.53,77.25,1,11,3.03,1
436,Female,White,53,16,30,79.16,98.54,2,13,3.48,1
437,Male,White,26,13,5,43.68,79.84,7,1,3.81,0
438,Female,White,44,17,20,71.53,64.53,4,11,3.84,1
439,Female,Black,26,18,3,69.8,90.01,3,2,3.07,0
440,Male,White,53,20,29,48.65,37.31,3,1,3.02,1
441,Male,Black,31,17,9,95.22,61.45,2,0,2.53,0
442,Non-Binary,Black,36,14,15,66.45,50.1,3,13,3.87,0
443,Male,Hispanic,28,16,6,99.67,37.32,4,7,2.92,0
444,Male,Hispanic,50,15,27,65.2,83.45,5,11,2.26,1
445,Female,Black,24,16,0,76.48,65.76,1,4,2.87,0
446,Non-Binary,White,40,19,17,46.29,68.97,6,9,2.25,1
447,Non-Binary,White,31,19,9,67.25,58.79,0,0,3.01,0
448,Female,White,49,17,26,54.33,62.22,4,12,3.12,0
449,Male,White,50,12,31,90.13,38.12,7,8,2.68,1
450,Male,White,36,19,16,87.04,77.1,6,7,2.14,1
451,Female,White,56,19,34,89.45,60.27,4,3,3.89,1
452,Female,Other,27,13,4,83.42,87.17,0,7,3.55,0
453,Male,Black,33,15,9,89.96,43.74,0,12,3.68,0
454,Non-Binary,White,59,13,35,52.05,44.35,1,11,2.73,0
455,Male,Black,34,15,10,67.12,75.2,1,12,3.52,0
456,Female,White,50,21,30,81.51,89.22,1,9,2.97,1
457,Male,Black,40,18,17,78.24,63.05,3,6,2.4,1
458,Female,Asian,24,20,6,82.98,80.89,7,10,2.25,1
459,Male,Black,29,19,11,53.46,99.95,7,14,2.69,1
460,Male,Black,29,20,9,45.91,99.32,4,10,2.28,1
461,Male,Other,41,19,19,95.01,82.1,5,6,4.0,1
462,Female,Hispanic,25,13,1,73.61,81.77,0,0,2.1,0
463,Female,Asian,42,18,24,49.23,47.33,4,5,2.88,0
464,Female,Black,24,13,5,87.61,88.35,6,12,2.9,0
465,Non-Binary,Asian,29,13,7,94.9,58.36,4,3,2.6,0
466,Male,White,44,15,20,50.17,97.34,7,13,3.14,1
467,Male,White,37,12,17,89.04,35.7,1,9,2.3,0
468,Female,White,34,16,16,95.99,60.51,1,9,3.57,1
469,Male,Black,24,17,3,96.3,68.91,4,9,2.66,1
470,Non-Binary,Black,30,20,7,94.85,58.36,7,10,3.18,0
471,Male,White,35,21,15,72.79,44.74,7,11,3.43,1
472,Non-Binary,Other,34,19,10,61.37,71.51,7,1,3.78,0
473,Male,Other,28,13,4,40.44,82.91,1,9,3.67,0
474,Female,Asian,36,12,12,43.65,75.14,7,6,3.22,0
475,Female,Black,28,13,4,65.73,46.41,3,8,2.78,0
476,Non-Binary,Hispanic,59,18,35,63.96,81.21,0,12,3.01,1
477,Male,White,55,15,33,51.08,47.98,6,4,3.54,1
478,Female,Hispanic,43,21,24,63.73,42.26,7,7,3.76,0
479,Non-Binary,White,45,16,24,50.48,78.35,4,4,2.21,0
480,Female,Hispanic,58,18,35,90.93,89.0,0,13,2.77,1
481,Female,White,22,14,0,57.89,63.71,3,6,3.55,0
482,Female,Hispanic,31,21,8,75.91,67.2,6,6,2.86,0
483,Female,Other,37,13,17,70.17,51.19,1,8,2.66,0
484,Female,White,29,18,10,43.11,64.62,2,2,2.82,0
485,Female,Black,46,16,22,96.53,39.24,3,13,3.21,0
486,Non-Binary,Other,33,12,12,71.63,96.91,2,0,4.0,0
487,Male,Black,46,12,22,59.5,86.03,0,1,2.99,0
488,Male,Hispanic,38,20,19,49.49,76.76,4,11,2.42,0
489,Non-Binary,Black,47,16,26,60.31,67.67,6,5,2.33,0
490,Female,White,35,12,16,41.23,85.45,1,13,2.08,0
491,Female,White,57,18,35,61.81,64.63,6,9,3.12,1
492,Female,White,44,20,22,71.89,51.0,3,9,3.09,0
493,Male,Hispanic,27,12,9,92.31,41.23,1,11,2.41,0
494,Male,White,26,21,4,81.24,75.33,2,12,3.39,1
495,Female,Black,46,15,23,46.69,95.06,2,13,3.48,0
496,Male,Black,39,14,16,48.86,40.75,5,8,2.52,0
497,Female,Black,34,16,13,65.69,42.6,6,2,2.69,0
498,Male,Hispanic,35,18,11,51.74,60.35,7,9,3.98,0
499,Non-Binary,Other,49,19,31,41.67,86.48,4,1,2.75,0
500,Non-Binary,Black,39,13,19,88.3,50.57,7,10,3.52,0
501,Female,Hispanic,49,18,29,41.17,47.77,2,0,2.91,0
502,Female,Hispanic,48,12,24,89.84,73.4,4,1,3.59,0
503,Male,Black,53,18,29,48.65,67.49,5,2,3.54,0
504,Female,Other,30,19,8,98.48,34.22,3,6,3.34,0
505,Female,White,53,13,33,76.23,35.7,5,1,3.71,0
506,Male,White,41,20,20,84.1,75.01,4,12,3.88,1
507,Non-Binary,Hispanic,49,12,30,46.63,62.56,2,4,3.16,0
508,Female,Black,54,17,31,91.73,97.97,0,1,2.47,0
509,Non-Binary,Hispanic,25,12,6,90.35,77.5,4,6,2.8,0
510,Female,Hispanic,55,14,33,79.18,30.71,1,9,3.52,0
511,Female,White,24,17,4,70.14,63.67,7,7,3.3,0
512,Male,Hispanic,47,14,29,83.29,59.01,0,7,2.36,1
513,Non-Binary,Black,29,19,5,40.36,37.47,6,12,2.1,0
514,Female,Black,27,16,9,75.55,94.62,4,14,3.37,0
515,Male,Asian,37,13,19,90.84,86.35,1,7,2.5,1
516,Male,Other,45,15,25,61.41,46.11,7,9,3.0,0
517,Male,White,51,20,30,46.5,47.92,6,14,3.49,1
518,Female,Black,34,15,12,65.25,32.24,5,8,3.13,0
519,Non-Binary,Asian,26,21,2,83.63,50.77,0,0,2.17,0
520,Male,Asian,46,21,27,46.44,70.92,4,11,2.37,0
521,Female,Asian,41,19,20,52.36,59.46,3,0,2.44,0
522,Male,White,39,16,20,48.85,97.85,5,13,2.52,1
523,Non-Binary,White,39,21,16,87.82,33.93,1,14,3.13,1
524,Female,White,23,12,1,43.77,71.4,3,13,3.01,0
525,Female,Hispanic,31,18,10,81.2,90.08,2,13,2.41,1
526,Female,White,33,14,12,61.99,63.65,5,9,2.14,0
527,Male,White,34,21,15,85.35,30.21,7,1,2.34,1
528,Male,Other,32,19,8,97.86,47.0,5,10,3.97,1
529,Male,White,40,14,17,46.87,52.66,7,14,2.94,1
530,Female,Other,56,12,35,58.86,97.62,4,5,3.73,1
531,Female,Asian,47,16,26,88.61,93.82,4,13,3.7,1
532,Non-Binary,Hispanic,35,13,13,55.97,96.44,1,0,3.02,0
533,Non-Binary,White,45,15,24,52.91,87.8,5,4,3.41,0
534,Female,White,22,12,2,89.52,54.62,4,14,2.39,0
535,Female,Asian,43,20,21,99.22,93.41,2,4,3.38,1
536,Non-Binary,Hispanic,44,17,22,73.41,98.72,7,14,2.54,1
537,Female,Asian,40,19,19,56.68,54.5,6,14,3.66,0
538,Male,White,39,15,15,63.91,48.24,6,3,2.17,0
539,Female,Hispanic,33,20,11,50.21,68.28,6,10,3.55,0
540,Male,Hispanic,49,13,29,85.71,43.1,4,4,2.2,0
541,Non-Binary,Asian,49,20,30,86.41,32.28,5,11,3.76,1
542,Female,Hispanic,54,16,30,92.51,96.21,6,0,2.61,1
543,Male,Hispanic,40,17,16,41.6,94.8,0,10,3.31,0
544,Female,Asian,49,14,25,73.72,41.39,3,10,2.98,0
545,Female,White,58,15,35,52.86,58.54,5,5,2.73,0
546,Male,Black,47,17,23,60.45,88.17,7,6,3.29,0
547,Male,White,56,18,35,87.1,76.27,2,7,3.9,1
548,Female,Black,55,12,31,51.52,57.64,5,14,2.08,0
549,Female,Black,56,18,35,78.3,82.09,2,1,3.84,1
550,Female,White,37,12,14,79.27,92.79,5,14,3.22,1
551,Female,White,59,16,35,97.25,94.83,6,14,3.61,1
552,Female,White,34,17,12,86.51,56.52,3,6,2.77,0
553,Female,Hispanic,44,13,20,88.22,42.15,3,5,2.94,0
554,Female,Other,43,21,19,71.9,93.9,2,8,3.74,1
555,Female,White,37,20,16,51.21,36.48,5,14,2.83,0
556,Male,Other,49,21,30,65.53,80.52,3,7,3.07,1
557,Male,Black,56,17,32,72.97,39.83,1,13,2.04,0
558,Male,White,29,18,11,80.71,57.26,5,10,2.32,1
559,Female,White,43,21,23,76.46,58.81,3,13,3.28,1
560,Female,Black,42,19,20,63.64,41.11,0,14,3.43,0
561,Female,Hispanic,47,21,24,55.92,94.59,0,3,3.17,0
562,Male,Asian,42,12,18,50.09,30.19,1,13,2.29,0
563,Male,White,46,19,23,81.63,92.57,3,12,2.89,1
564,Male,White,22,15,0,78.72,91.87,0,8,2.71,0
565,Male,Black,27,21,5,81.24,52.19,6,0,2.99,0
566,Female,White,44,19,25,62.35,79.3,5,10,3.74,1
567,Male,White,44,17,24,55.74,47.7,4,5,3.55,0
568,Male,White,44,20,22,85.58,83.11,3,7,2.17,1
569,Non-Binary,Hispanic,53,15,30,86.42,69.28,7,10,3.78,1
570,Male,Other,51,13,27,67.34,51.02,1,10,2.94,0
571,Female,Black,34,13,11,76.71,58.02,3,3,3.49,0
572,Female,Other,39,16,19,62.41,78.29,2,1,2.28,0
573,Male,White,44,21,26,82.12,93.43,2,10,3.34,1
574,Female,Black,36,20,14,90.14,39.15,0,1,2.47,0
575,Female,White,54,14,31,81.29,70.0,7,9,2.88,1
576,Non-Binary,Asian,42,19,19,70.75,47.76,2,0,2.03,0
577,Male,Other,44,15,24,67.52,86.1,1,4,2.3,0
578,Non-Binary,Asian,48,17,30,78.54,34.92,7,12,2.18,0
579,Female,White,39,21,15,80.79,78.23,0,5,2.48,1
580,Male,Asian,45,17,27,73.52,42.25,1,3,2.2,1
581,Female,White,28,14,5,77.5,71.75,5,3,3.38,0
582,Non-Binary,Hispanic,41,16,21,45.8,88.5,1,4,2.06,0
583,Female,Black,48,14,24,97.11,82.86,2,13,3.24,1
584,Male,Black,27,12,9,87.45,82.71,5,14,2.28,1
585,Female,Black,48,18,30,62.44,66.25,2,4,3.89,0
586,Male,Asian,30,15,12,73.77,92.35,1,13,3.87,1
587,Male,White,52,18,33,42.84,71.17,2,13,2.45,1
588,Male,Asian,42,14,18,42.47,94.23,7,13,3.23,0
589,Male,White,47,16,29,55.05,68.26,2,13,2.06,1
590,Male,Asian,34,16,15,81.38,65.42,2,8,3.86,1
591,Male,Hispanic,44,13,22,91.13,45.56,3,7,3.05,0
592,Female,Hispanic,41,21,21,73.55,68.14,5,8,2.09,1
593,Male,Black,58,13,35,71.93,39.84,7,12,2.68,0
594,Male,Black,49,15,25,64.14,90.88,5,13,2.15,1
595,Female,White,38,15,19,49.7,77.31,6,2,2.79,0
596,Female,Hispanic,49,15,30,47.1,99.55,5,13,3.34,0
597,Female,White,23,17,1,85.64,36.45,6,2,2.94,0
598,Male,Black,46,13,25,95.65,46.85,1,0,2.77,0
599,Male,White,27,17,7,67.5,91.4,6,13,2.24,1
600,Male,White,32,18,11,79.57,57.67,6,9,2.49,1
601,Male,Asian,59,21,35,94.87,62.64,4,12,2.2,1
602,Male,White,27,14,7,45.41,90.25,1,5,3.61,0
603,Male,Asian,32,19,10,86.23,66.53,5,3,2.27,1
604,Male,White,35,13,11,77.01,43.54,0,10,3.19,0
605,Male,White,23,19,3,75.92,92.44,2,14,2.69,1
606,Female,Black,24,16,4,57.55,32.17,2,14,2.45,0
607,Male,White,56,13,35,81.03,92.68,4,13,3.28,1
608,Male,White,54,18,30,87.69,33.54,0,7,2.91,1
609,Female,Asian,45,13,23,46.77,76.61,3,1,2.8,0
610,Female,White,40,17,18,72.01,35.02,6,10,3.19,0
611,Male,Hispanic,39,21,15,46.08,79.43,7,1,2.98,1
612,Female,White,45,14,21,92.35,32.38,1,6,2.61,0
613,Female,White,56,20,35,70.46,88.97,3,12,3.12,1
614,Male,Asian,22,14,0,88.48,62.62,0,14,3.34,0
615,Female,White,57,14,35,62.09,36.54,4,4,2.05,0
616,Non-Binary,White,46,16,22,47.5,79.48,0,12,2.93,0
617,Male,White,55,18,31,42.49,64.25,4,0,2.12,1
618,Male,White,46,19,23,56.89,43.37,3,6,2.37,0
619,Female,Hispanic,37,18,14,54.65,31.1,3,6,3.12,0
620,Female,White,55,20,35,73.62,59.26,7,9,3.73,1
621,Male,Hispanic,50,16,32,41.3,35.99,0,5,3.77,0
622,Male,Hispanic,40,21,18,71.23,36.59,0,3,2.14,0
623,Male,Black,44,14,23,63.51,48.71,6,11,2.84,0
624,Female,Other,40,17,20,74.63,74.13,2,12,3.17,0
625,Female,White,46,16,22,82.15,67.09,4,7,2.29,1
626,Male,Other,37,15,14,78.05,34.83,2,11,3.53,0
627,Female,White,30,13,11,99.08,97.79,1,10,3.49,1
628,Female,Asian,22,18,0,48.3,92.1,1,1,3.81,0
629,Male,Black,40,16,20,65.78,48.15,0,1,2.02,0
630,Male,White,54,15,35,65.49,38.56,3,1,2.43,0
631,Female,Asian,55,19,33,65.02,95.97,1,2,3.65,0
632,Female,Asian,37,20,19,79.83,62.28,1,5,3.34,0
633,Female,White,39,20,21,69.39,51.78,7,0,3.79,0
634,Female,White,55,14,35,71.05,64.33,2,10,2.11,0
635,Male,Asian,46,14,23,65.94,84.09,7,1,3.19,1
636,Male,Asian,27,16,7,99.5,41.79,2,9,3.14,1
637,Female,Other,42,16,22,95.65,83.72,6,14,2.07,1
638,Male,Hispanic,27,21,9,58.46,82.46,7,1,3.03,0
639,Male,Other,53,13,31,46.7,67.75,6,13,3.22,1
640,Male,Asian,52,12,33,90.39,90.61,1,11,2.38,1
641,Male,White,31,19,8,99.83,39.25,0,0,2.55,0
642,Male,White,51,14,27,57.56,71.68,2,2,3.28,1
643,Male,Hispanic,39,12,19,61.47,61.45,1,9,2.94,0
644,Male,Asian,45,12,21,96.5,59.56,3,6,3.72,0
645,Male,White,30,13,7,82.67,47.68,2,14,2.68,0
646,Female,White,52,17,34,57.74,56.06,1,12,2.53,0
647,Female,Other,36,17,16,74.86,37.57,6,0,3.97,0
648,Female,Black,25,14,5,96.65,47.61,7,6,3.82,0
649,Female,Black,30,15,11,88.71,49.04,4,4,2.06,0
650,Female,Black,30,13,6,84.51,80.45,2,8,3.54,0
651,Male,White,47,13,29,84.22,33.4,4,1,2.22,1
652,Female,White,25,18,6,50.68,75.58,2,0,2.05,0
653,Female,White,38,12,17,89.48,45.5,2,8,2.55,0
654,Female,White,37,18,13,56.57,35.73,7,7,2.54,0
655,Male,Hispanic,36,12,12,95.82,51.06,6,9,3.64,0
656,Male,Black,56,17,35,61.88,45.71,5,5,3.42,1
657,Male,Hispanic,26,14,3,91.46,68.64,5,14,3.96,1
658,Male,Hispanic,26,19,3,55.97,55.02,4,4,3.42,0
659,Female,White,41,17,21,70.87,97.62,0,7,2.84,1
660,Female,Asian,36,13,14,46.41,97.45,1,7,3.4,0
661,Male,Black,39,19,20,79.61,61.06,0,13,4.0,1
662,Non-Binary,Hispanic,23,16,1,90.16,85.66,0,4,3.42,0
663,Female,White,50,19,30,83.11,30.93,5,11,3.52,1
664,Male,Asian,34,19,12,71.4,68.35,1,6,3.88,1
665,Male,Asian,25,17,1,42.71,82.03,5,12,2.23,0
666,Male,White,31,13,7,96.01,45.19,7,12,3.41,1
667,Male,White,52,19,31,82.33,34.28,7,0,3.7,1
668,Male,Asian,29,17,8,84.75,40.91,5,3,3.91,0
669,Male,Asian,24,17,4,87.68,60.93,6,1,2.42,1
670,Male,White,30,19,10,84.86,65.45,5,9,3.01,1
671,Male,Asian,51,12,33,66.47,56.66,3,2,3.36,1
672,Female,White,32,13,12,84.02,60.8,0,11,2.49,0
673,Male,Asian,56,20,32,77.5,62.92,6,0,3.2,1
674,Female,White,58,19,35,91.24,83.86,6,10,2.52,1
675,Male,Hispanic,34,18,15,88.15,37.37,0,10,2.67,1
676,Non-Binary,White,57,18,35,42.48,83.83,6,1,2.88,1
677,Male,White,34,16,16,62.73,78.2,0,12,3.06,1
678,Male,White,33,13,15,42.08,81.92,3,0,2.9,0
679,Non-Binary,White,58,17,35,46.12,81.41,2,7,2.99,1
680,Female,Black,31,21,11,76.08,62.94,6,3,2.6,0
681,Female,White,30,14,6,92.43,44.8,4,2,2.32,0
682,Male,Hispanic,28,15,9,47.19,67.56,4,0,2.09,0
683,Male,White,23,21,0,67.07,97.06,3,1,2.39,1
684,Female,White,44,13,25,94.65,71.2,0,2,3.16,0
685,Non-Binary,White,42,13,18,88.86,30.77,4,2,3.57,0
686,Female,White,44,19,22,71.18,34.18,3,5,2.34,0
687,Female,White,50,19,30,86.29,99.5,5,9,2.22,1
688,Male,Black,35,21,12,71.36,35.04,1,7,3.5,0
689,Female,Black,47,17,24,49.49,33.22,4,5,2.61,0
690,Male,Black,26,16,6,47.48,54.71,7,1,3.9,0
691,Male,Black,52,19,34,51.3,97.85,1,1,3.43,1
692,Male,Black,46,15,26,61.06,52.31,7,13,2.65,0
693,Female,White,52,15,32,95.83,58.69,0,6,2.58,1
694,Male,Black,41,16,21,87.98,74.39,4,0,3.05,0
695,Male,Other,38,12,20,65.97,31.69,3,0,2.16,0
696,Female,Black,23,12,4,69.58,92.84,2,6,2.24,0
697,Male,Asian,46,13,24,55.94,66.36,4,8,2.35,0
698,Female,White,34,19,11,82.26,62.68,4,4,3.55,1
699,Male,Hispanic,49,18,28,88.17,90.25,4,10,3.03,1
700,Female,Hispanic,27,21,4,54.33,96.72,4,0,2.02,0
701,Female,Black,24,20,1,42.51,59.64,7,4,3.35,0
702,Male,Other,56,16,35,77.43,42.07,3,10,2.85,1
703,Male,White,39,13,15,73.75,87.1,3,0,3.02,1
704,Male,White,32,18,12,64.13,58.23,7,9,2.43,1
705,Male,Hispanic,41,19,21,78.63,95.49,2,14,3.1,1
706,Non-Binary,Hispanic,26,18,6,73.04,96.49,3,11,3.96,0
707,Male,White,40,18,16,55.03,38.04,3,8,2.15,0
708,Female,White,43,16,25,63.86,96.96,0,3,2.57,0
709,Male,White,40,13,18,65.69,55.78,6,8,2.49,1
710,Female,White,37,17,15,92.81,75.24,0,1,2.5,1
711,Female,Hispanic,45,15,27,97.65,32.43,6,6,2.76,0
712,Female,Black,25,21,4,93.58,92.22,1,14,3.64,1
713,Female,White,36,13,14,83.15,74.91,2,11,3.83,0
714,Male,White,46,20,28,75.1,75.05,6,12,2.4,1
715,Male,White,56,18,34,81.36,93.15,0,1,3.09,1
716,Non-Binary,White,35,17,15,96.35,65.58,2,11,3.27,1
717,Female,Asian,40,16,21,55.0,58.74,2,3,3.04,0
718,Non-Binary,Other,59,14,35,72.11,90.63,4,5,2.87,1
719,Male,Hispanic,57,21,34,81.38,81.97,5,13,2.38,1
720,Female,White,28,21,6,80.75,96.43,5,1,2.98,1
721,Non-Binary,Hispanic,51,15,29,55.14,95.81,5,1,2.8,0
722,Male,Hispanic,40,14,16,75.2,56.76,2,1,3.59,0
723,Male,Hispanic,46,19,25,87.75,61.29,4,2,3.53,1
724,Female,Black,37,14,18,68.5,47.92,1,4,2.27,0
725,Female,White,29,18,5,87.6,76.25,1,8,2.18,0
726,Female,White,39,18,19,61.59,55.52,5,5,3.82,0
727,Male,White,49,18,26,96.33,85.03,1,14,3.07,1
728,Female,White,37,18,16,72.04,38.51,4,14,3.72,0
729,Male,White,40,13,16,75.76,38.15,5,11,2.12,0
730,Male,Black,38,21,20,41.88,44.31,6,13,3.05,0
731,Male,Asian,34,14,12,50.22,35.9,6,8,3.08,0
732,Female,Black,28,21,6,77.98,73.4,4,9,3.72,0
733,Female,White,48,20,27,65.19,40.31,7,14,2.2,1
734,Female,Other,31,14,9,70.49,41.2,1,13,2.48,0
735,Male,Other,55,13,35,43.78,31.0,5,12,2.81,0
736,Female,Hispanic,57,20,33,90.05,84.75,6,4,3.73,1
737,Male,Other,46,21,22,87.07,86.86,4,10,3.88,1
738,Female,Black,27,20,5,51.12,41.34,3,5,3.99,0
739,Male,Other,45,15,23,78.06,81.77,6,9,3.92,1
740,Male,White,39,20,19,89.1,60.35,3,11,2.01,1
741,Female,White,44,14,21,78.45,46.77,4,7,2.1,0
742,Male,White,27,18,6,58.62,73.5,4,2,2.3,0
743,Female,White,50,18,26,79.37,42.49,0,1,2.7,0
744,Female,White,46,19,25,52.63,82.98,6,2,3.66,1
745,Male,Asian,38,21,18,59.1,33.33,0,13,3.79,0
746,Female,Hispanic,45,15,21,54.4,97.14,2,8,2.37,0
747,Male,Black,32,14,12,73.42,35.03,6,14,3.24,0
748,Female,White,47,14,27,46.49,70.56,5,5,3.83,0
749,Non-Binary,Hispanic,55,16,35,96.0,93.15,2,9,2.93,1
750,Female,Asian,49,12,27,60.01,30.83,2,11,2.21,0
751,Male,White,24,21,6,53.14,64.9,1,3,2.92,0
752,Non-Binary,Asian,32,14,13,69.79,54.5,3,9,2.75,0
753,Female,White,59,17,35,56.62,70.62,1,2,3.16,1
754,Male,White,35,14,17,72.09,45.78,5,12,2.88,0
755,Male,Other,47,16,26,60.91,34.54,4,1,2.03,0
756,Female,White,42,20,20,47.92,73.82,0,14,3.99,0
757,Female,Black,51,13,33,55.95,59.18,5,13,3.09,0
758,Female,Hispanic,29,13,10,66.31,73.57,4,3,2.95,0
759,Female,Asian,41,17,20,41.82,44.74,5,8,3.91,0
760,Female,White,53,17,34,86.24,53.71,4,3,2.31,1
761,Male,White,43,19,21,77.31,69.32,6,12,2.38,1
762,Male,White,28,13,10,76.08,71.52,0,11,3.62,1
763,Male,Asian,30,20,12,72.76,56.06,4,4,2.52,0
764,Female,Black,22,13,0,75.42,49.6,2,14,3.6,0
765,Male,White,50,12,30,96.08,49.16,5,7,2.54,1
766,Female,Other,29,21,9,40.51,42.23,0,1,2.07,0
767,Female,Black,25,13,6,42.87,52.78,4,11,3.03,0
768,Female,White,56,18,35,51.49,43.96,2,10,2.39,0
769,Male,Black,24,19,3,50.04,74.37,2,13,3.52,0
770,Female,Asian,28,16,9,50.87,69.83,6,2,3.28,0
771,Male,White,48,17,29,80.32,56.78,3,5,3.85,1
772,Female,White,22,12,0,67.57,52.81,2,11,3.57,0
773,Male,Hispanic,48,17,30,99.51,46.63,1,6,2.36,0
774,Male,Black,37,19,17,53.61,67.48,0,3,3.6,0
775,Female,Black,59,14,35,58.65,94.32,0,13,3.28,0
776,Male,Black,28,12,6,99.05,78.0,7,14,3.34,1
777,Male,White,44,15,25,89.91,82.11,0,0,3.66,1
778,Female,White,32,12,9,68.19,88.41,4,6,3.15,0
779,Female,Black,54,19,31,73.28,54.61,5,11,2.93,0
780,Female,White,57,16,35,90.59,34.4,4,8,3.27,1
781,Female,White,58,12,35,68.86,73.58,1,0,2.6,0
782,Female,Hispanic,38,19,18,52.36,43.21,7,13,2.37,0
783,Male,Other,56,20,34,89.71,69.83,5,0,3.23,1
784,Male,Hispanic,26,21,3,72.27,81.77,6,0,2.47,0
785,Male,Hispanic,53,13,32,49.18,84.85,2,9,2.16,0
786,Non-Binary,White,24,20,2,70.34,51.13,7,6,2.0,0
787,Female,Other,56,19,32,64.79,65.87,4,10,3.22,1
788,Male,White,35,18,16,92.61,73.47,5,8,2.72,1
789,Female,Other,52,14,32,47.56,87.36,2,2,3.5,0
790,Non-Binary,Other,52,13,29,92.51,83.3,5,7,2.75,1
791,Male,Asian,38,18,19,70.73,99.16,2,8,2.97,1
792,Female,Other,45,16,27,64.26,30.57,5,2,2.81,0
793,Female,Black,44,17,22,49.72,60.62,4,11,3.3,0
794,Female,White,39,15,15,82.05,47.92,7,11,2.71,0
795,Male,Black,35,13,17,95.61,38.39,4,2,3.93,0
796,Female,Black,36,20,14,62.52,93.81,1,14,3.87,0
797,Non-Binary,White,36,14,14,54.5,99.86,6,0,3.7,0
798,Female,Asian,27,18,6,73.29,42.64,6,1,3.84,0
799,Female,Other,48,19,29,87.77,32.69,3,6,2.9,0
800,Non-Binary,White,36,13,15,40.23,49.25,0,2,3.07,0
801,Female,Hispanic,57,17,35,77.88,88.44,4,6,3.48,1
802,Male,Other,29,19,5,75.79,50.57,4,4,3.39,0
803,Female,Other,36,18,13,59.09,33.98,2,9,3.78,0
804,Female,Other,24,14,1,67.09,33.67,3,7,3.43,0
805,Male,Black,34,12,16,54.82,59.92,6,4,4.0,0
806,Female,Other,55,17,35,87.39,95.23,4,2,2.7,1
807,Non-Binary,Hispanic,45,19,25,78.07,50.01,5,8,3.67,0
808,Non-Binary,White,53,17,33,71.96,59.9,6,14,3.4,1
809,Female,Black,53,16,30,63.55,37.14,3,6,3.38,0
810,Male,Asian,51,19,29,57.48,64.55,0,4,2.65,0
811,Non-Binary,White,34,13,12,89.36,78.76,5,6,3.57,0
812,Female,Asian,22,12,1,67.08,48.98,2,10,3.8,0
813,Male,Asian,55,12,35,70.09,50.77,1,9,2.44,0
814,Non-Binary,White,36,15,15,71.25,88.94,5,8,3.25,1
815,Female,Black,35,17,15,66.9,30.73,7,4,2.78,0
816,Female,Hispanic,50,20,27,55.37,74.55,6,6,3.98,0
817,Female,Black,55,12,35,47.22,57.57,7,10,2.96,0
818,Male,White,39,12,17,45.91,50.89,0,8,2.46,0
819,Male,White,28,16,5,85.45,76.03,5,0,2.76,1
820,Male,White,50,21,26,53.41,88.43,3,3,3.31,1
821,Female,Other,52,16,29,43.34,69.09,3,0,2.15,0
822,Male,White,46,16,22,87.85,32.18,0,7,3.21,1
823,Male,Asian,59,21,35,49.24,62.3,6,2,3.86,1
824,Male,White,35,17,14,77.51,62.39,3,1,3.7,1
825,Female,White,29,19,9,60.32,68.07,5,13,2.14,1
826,Non-Binary,Hispanic,48,14,25,47.59,76.97,1,3,3.99,0
827,Male,Asian,23,20,0,64.87,31.35,5,10,3.4,0
828,Male,White,38,12,14,40.89,65.14,1,2,2.32,0
829,Female,Black,58,15,35,90.46,71.18,3,10,2.02,1
830,Female,White,35,20,11,70.81,54.03,5,4,2.34,0
831,Male,Black,46,19,25,48.35,76.79,3,14,3.68,0
832,Female,Asian,51,21,27,54.22,45.97,6,12,2.04,0
833,Male,White,50,20,29,66.88,52.22,1,7,2.47,1
834,Male,White,41,12,17,51.33,97.39,6,9,3.51,1
835,Female,White,42,20,24,56.12,54.36,3,7,3.17,1
836,Male,Other,43,14,22,72.06,54.26,4,10,3.57,1
837,Non-Binary,Other,56,21,35,89.96,71.7,2,6,3.49,1
838,Male,White,58,20,34,64.11,97.97,5,7,2.1,1
839,Female,Hispanic,37,12,14,83.02,98.82,4,12,3.79,0
840,Female,White,38,12,18,92.6,70.58,6,12,2.45,0
841,Male,White,37,20,18,52.98,30.08,7,4,3.11,0
842,Female,Hispanic,23,17,4,88.43,93.05,3,9,3.29,0
843,Male,Other,25,15,1,85.44,69.92,3,9,2.34,0
844,Non-Binary,Other,42,18,22,61.42,55.62,2,10,3.95,0
845,Male,Black,55,16,32,99.37,88.04,3,11,2.98,1
846,Male,White,51,21,32,55.75,57.99,2,10,2.12,1
847,Male,Hispanic,27,18,4,55.29,32.38,5,12,3.87,0
848,Non-Binary,White,38,19,17,86.34,87.48,1,5,3.17,1
849,Female,Black,46,19,28,66.08,68.21,2,7,3.4,0
850,Female,White,26,12,6,59.85,53.67,2,14,3.05,0
851,Male,Asian,26,19,8,50.72,47.56,4,12,3.67,0
852,Female,White,41,17,19,85.92,71.57,3,0,2.07,1
853,Male,White,37,15,16,87.18,44.56,5,5,2.54,1
854,Female,Other,58,19,35,73.99,52.67,1,5,2.94,0
855,Male,White,30,14,6,97.44,74.56,0,14,2.15,1
856,Male,Black,26,15,8,59.09,91.71,6,10,3.41,0
857,Male,White,23,17,0,53.18,67.3,2,12,2.79,0
858,Female,White,30,18,7,80.65,83.14,0,4,2.55,0
859,Female,White,57,15,35,85.5,83.41,3,3,2.01,1
860,Male,White,43,15,25,53.49,76.5,6,0,3.44,1
861,Female,Hispanic,43,18,21,44.6,47.21,2,10,3.67,0
862,Female,White,43,17,19,88.63,90.68,7,9,2.79,1
863,Female,Other,55,19,35,98.59,60.54,7,10,3.13,1
864,Male,Black,50,12,32,78.68,33.09,0,7,2.46,0
865,Male,Black,59,21,35,56.67,47.12,4,5,3.24,1
866,Female,Black,54,18,35,99.8,83.59,0,2,2.02,1
867,Male,Black,39,18,20,93.6,34.84,6,11,2.98,1
868,Male,Hispanic,28,18,8,70.8,40.32,4,2,3.29,0
869,Female,White,22,18,3,89.52,78.6,6,11,3.84,1
870,Non-Binary,White,54,21,30,88.95,92.48,1,5,2.76,1
871,Male,Hispanic,22,21,2,96.09,74.36,3,11,3.53,1
872,Male,Other,45,19,25,90.46,45.56,7,14,3.2,1
873,Female,Hispanic,25,20,2,78.62,33.74,5,6,3.85,0
874,Male,Black,25,20,3,76.56,73.06,0,7,2.8,0
875,Male,Hispanic,39,13,21,68.04,33.32,2,4,2.64,0
876,Male,Black,48,18,25,77.59,72.89,6,9,3.77,1
877,Female,Black,53,18,31,87.71,45.79,6,5,2.1,0
878,Female,White,54,15,34,98.14,93.33,3,11,2.27,1
879,Male,Black,49,20,31,68.04,63.26,0,0,2.16,0
880,Male,White,57,19,35,74.42,45.68,2,5,3.69,1
881,Male,White,27,12,5,66.69,89.72,2,8,2.02,0
882,Female,Hispanic,37,13,17,80.11,47.78,6,9,3.72,0
883,Male,White,55,13,35,77.8,51.46,5,3,2.9,1
884,Male,White,44,19,21,41.07,88.4,6,13,2.01,1
885,Female,White,45,12,22,72.47,51.62,5,13,2.8,0
886,Male,Other,34,15,15,45.31,58.71,6,9,2.37,0
887,Female,Black,39,21,18,41.58,54.34,6,12,3.25,0
888,Male,Black,34,16,10,87.47,38.15,2,0,3.36,0
889,Male,Hispanic,58,20,35,55.52,32.72,5,13,2.98,1
890,Male,Hispanic,38,18,17,60.44,80.72,2,10,2.08,0
891,Female,White,36,19,18,43.85,75.16,0,8,3.31,0
892,Female,Asian,39,20,21,50.77,49.77,6,3,3.68,0
893,Female,Hispanic,44,18,25,85.94,50.69,1,1,3.44,0
894,Male,Asian,51,16,33,69.61,96.15,5,0,3.66,1
895,Female,White,55,16,33,92.84,99.14,4,2,2.4,1
896,Male,Hispanic,25,21,6,63.83,63.14,7,6,3.78,0
897,Male,Black,24,17,5,56.12,86.17,4,10,2.64,0
898,Female,White,28,16,8,60.86,81.57,4,9,2.03,0
899,Male,Black,39,20,19,82.77,50.81,1,1,3.69,0
900,Male,White,28,14,8,73.3,34.1,2,14,3.88,0
901,Male,White,27,14,3,94.25,39.98,2,8,3.31,0
902,Male,Hispanic,43,18,21,76.13,88.68,7,11,2.46,1
903,Male,White,22,18,0,69.58,81.18,7,12,2.5,1
904,Female,Black,25,17,5,87.15,76.5,3,10,2.93,0
905,Male,Black,50,14,29,96.85,39.15,7,1,3.8,1
906,Female,White,42,18,18,61.35,74.8,4,4,2.3,0
907,Female,Other,47,16,26,54.99,84.05,4,7,3.65,0
908,Male,White,35,18,12,76.97,90.24,2,12,2.58,1
909,Male,White,30,13,8,69.93,30.93,4,12,3.62,0
910,Male,White,33,17,11,99.35,77.91,2,11,3.84,1
911,Female,White,27,19,6,67.74,31.34,6,9,2.85,0
912,Male,White,41,12,17,44.46,79.48,6,7,2.73,0
913,Female,Asian,45,15,23,98.64,74.49,2,2,3.6,1
914,Male,Other,48,12,27,90.62,40.38,5,1,3.06,0
915,Female,White,59,12,35,50.7,83.63,2,8,3.37,0
916,Male,Asian,29,21,10,94.28,34.78,0,2,3.25,0
917,Male,Asian,22,19,4,60.44,87.85,0,7,2.31,1
918,Non-Binary,Hispanic,45,18,21,62.63,48.34,0,1,3.69,0
919,Female,Black,28,21,7,94.38,78.22,0,2,2.39,0
920,Male,White,40,12,22,71.81,94.66,1,0,3.86,1
921,Female,White,43,13,24,48.27,53.79,3,13,2.5,0
922,Female,Asian,56,15,32,62.14,65.2,3,10,3.47,0
923,Female,Hispanic,51,12,33,83.33,62.42,2,5,2.57,0
924,Female,White,50,14,30,50.45,41.03,6,12,2.64,0
925,Male,White,43,19,19,75.41,71.32,4,6,2.62,1
926,Male,Other,32,19,9,81.72,82.01,0,3,3.5,1
927,Male,Hispanic,41,19,21,60.63,94.18,3,0,3.11,1
928,Female,Other,50,17,32,81.63,89.56,3,2,3.77,1
929,Female,Hispanic,55,17,34,93.05,65.7,0,8,2.61,1
930,Male,White,22,16,2,68.33,80.33,6,4,3.38,0
931,Male,Black,52,20,32,62.97,86.05,1,5,3.51,1
932,Female,Asian,51,15,33,55.07,64.54,1,3,2.3,0
933,Non-Binary,White,39,21,18,76.25,38.08,7,0,2.8,0
934,Female,Black,38,18,17,92.79,60.66,3,13,2.97,0
935,Male,Asian,59,12,35,59.48,88.97,7,4,2.71,1
936,Male,White,35,20,12,63.77,71.76,1,4,2.64,1
937,Male,Hispanic,44,18,23,64.4,80.71,5,4,3.37,1
938,Non-Binary,Black,46,21,24,73.65,42.97,0,14,2.43,0
939,Male,Other,36,20,14,53.7,97.5,6,5,3.42,1
940,Female,White,43,18,20,89.33,58.29,3,10,3.87,1
941,Male,White,24,13,0,57.74,75.75,0,1,3.13,0
942,Female,Asian,40,17,22,82.32,31.32,1,0,3.22,0
943,Female,White,55,21,31,70.79,38.91,0,14,2.14,0
944,Female,Asian,56,15,34,75.15,84.74,1,1,3.73,1
945,Male,Hispanic,22,14,1,50.78,97.76,6,12,2.57,0
946,Male,White,42,13,19,84.1,52.4,1,9,3.23,1
947,Male,Black,50,17,26,51.32,32.6,0,5,3.96,0
948,Non-Binary,Black,27,19,3,46.81,55.26,6,4,3.19,0
949,Female,White,58,17,35,72.8,31.22,1,14,3.45,1
950,Female,Other,22,20,2,82.56,43.47,7,4,2.89,0
951,Female,Hispanic,22,16,0,43.0,82.67,5,11,2.12,0
952,Female,Asian,48,13,27,44.16,95.6,2,11,3.6,0
953,Male,Asian,42,19,19,88.16,36.12,0,14,2.07,1
954,Non-Binary,Black,37,20,13,88.54,69.05,2,5,3.4,0
955,Male,Other,47,21,29,54.72,47.77,0,13,2.05,0
956,Male,Asian,37,15,17,76.91,39.73,1,9,3.72,0
957,Female,Asian,49,17,27,66.59,45.33,1,6,2.32,0
958,Male,Hispanic,22,21,0,77.96,70.44,6,8,3.03,1
959,Male,White,57,19,35,91.77,34.56,3,6,3.19,1
960,Female,Hispanic,31,20,8,44.79,60.4,5,1,2.92,0
961,Male,White,38,16,14,86.68,39.47,7,5,2.68,1
962,Female,White,44,17,21,69.58,49.09,3,8,2.94,0
963,Male,White,28,15,10,73.85,43.35,2,6,2.62,0
964,Male,Other,28,16,10,79.24,91.81,1,1,2.88,1
965,Male,Hispanic,36,18,13,95.36,79.56,3,2,2.72,1
966,Male,Asian,55,20,35,43.4,90.79,1,7,3.13,1
967,Female,Asian,25,21,5,41.77,56.84,0,10,2.48,0
968,Male,Black,35,17,13,50.7,51.94,3,8,3.98,0
969,Female,Other,35,17,16,99.19,56.64,2,3,3.0,0
970,Female,Black,37,19,16,82.9,31.3,6,8,2.39,0
971,Female,White,28,15,6,76.88,80.73,3,1,2.95,0
972,Non-Binary,White,53,14,31,42.82,54.48,1,12,3.73,0
973,Female,Hispanic,40,18,20,92.75,51.93,4,10,2.04,0
974,Male,Asian,23,16,2,88.77,71.87,4,4,3.36,0
975,Male,White,31,13,7,79.89,60.54,6,10,3.1,0
976,Male,White,38,13,17,60.35,98.66,6,1,2.34,1
977,Female,Hispanic,58,17,34,44.23,54.94,5,10,3.63,0
978,Male,White,33,19,12,74.8,72.97,6,0,2.74,1
979,Female,Asian,27,12,4,83.18,51.82,1,12,2.59,0
980,Female,Other,43,17,25,45.65,99.34,7,13,3.66,1
981,Male,Black,53,13,32,78.03,61.16,0,4,3.28,0
982,Female,White,41,13,22,57.18,74.39,3,1,3.8,0
983,Male,Asian,22,18,3,85.85,38.87,6,13,3.26,0
984,Male,Hispanic,27,21,7,72.38,81.31,4,12,3.48,1
985,Female,Black,40,12,22,47.74,48.84,0,6,3.67,0
986,Female,Other,39,17,21,71.59,61.4,7,7,2.11,0
987,Female,White,27,18,3,63.74,91.82,1,1,3.55,0
988,Male,Black,54,19,32,50.82,97.94,0,6,3.23,1
989,Male,Asian,44,18,24,90.49,59.72,1,3,2.14,1
990,Female,Hispanic,44,17,25,40.66,88.44,7,0,3.02,0
991,Female,White,47,20,28,58.73,33.73,7,10,2.16,0
992,Female,Hispanic,34,14,10,40.76,89.33,5,14,3.47,0
993,Male,Black,28,17,9,45.76,74.07,3,2,3.09,0
994,Female,White,36,15,17,57.83,64.21,0,10,3.91,0
995,Male,White,48,13,24,43.26,92.3,7,11,2.37,1
996,Male,Hispanic,47,12,28,75.8,89.17,3,0,3.21,0
997,Non-Binary,White,54,12,32,45.21,50.79,0,4,2.42,0
998,Male,White,36,21,13,82.1,85.4,1,14,3.23,1
999,Non-Binary,White,57,14,35,43.16,36.96,7,12,3.45,0
1000,Male,Hispanic,48,15,26,43.56,87.59,1,7,3.44,0
1001,Male,Asian,26,13,4,58.32,77.28,0,0,3.63,0
1002,Female,Hispanic,23,12,0,93.79,36.15,5,13,3.71,0
1003,Female,White,54,15,35,78.48,77.82,1,8,2.15,1
1004,Female,Asian,37,18,17,86.21,70.64,2,2,2.69,0
1005,Female,Black,44,21,22,48.49,71.62,2,4,3.37,0
1006,Female,Hispanic,59,17,35,90.05,50.36,3,8,3.0,0
1007,Female,Other,37,17,14,40.49,48.65,6,4,2.38,0
1008,Female,White,35,20,17,52.78,83.38,2,8,3.11,0
1009,Male,Asian,50,13,30,76.97,47.98,2,9,2.81,0
1010,Female,White,47,15,26,62.51,61.24,5,7,2.78,0
1011,Male,Black,56,16,32,99.05,78.64,5,6,3.62,1
1012,Non-Binary,White,36,12,17,41.82,35.57,6,10,2.82,0
1013,Non-Binary,White,24,19,1,99.92,71.62,4,0,2.05,0
1014,Male,White,44,19,20,77.42,71.26,6,3,2.12,1
1015,Female,Asian,50,17,32,73.52,77.9,4,8,3.71,1
1016,Non-Binary,White,55,16,35,43.57,55.89,5,9,3.92,0
1017,Male,Asian,54,19,33,56.4,61.43,4,7,3.38,1
1018,Female,Black,44,14,22,95.48,53.1,5,3,2.73,0
1019,Non-Binary,White,28,14,6,61.25,86.57,4,11,3.88,0
1020,Male,Hispanic,24,13,4,79.7,39.14,1,0,3.33,0
1021,Female,White,53,16,30,99.97,97.41,5,9,3.69,1
1022,Male,Black,52,14,29,55.78,74.44,6,3,3.53,0
1023,Non-Binary,Asian,39,14,21,74.56,92.08,3,14,2.76,1
1024,Non-Binary,White,28,17,8,81.79,59.84,3,2,2.96,0
1025,Non-Binary,White,22,19,0,49.88,53.26,5,5,2.37,0
1026,Female,White,35,13,13,48.92,93.05,2,10,2.58,0
1027,Female,Other,53,15,31,67.38,36.92,7,4,3.56,0
1028,Female,Asian,27,18,9,63.15,38.2,3,4,3.79,0
1029,Male,Asian,31,12,8,82.85,50.95,6,1,3.45,0
1030,Female,Asian,28,12,10,44.17,97.18,2,11,2.93,0
1031,Male,White,47,21,24,98.33,74.31,3,2,2.17,1
1032,Female,Black,55,18,35,40.86,68.79,7,10,2.11,0
1033,Male,Hispanic,51,18,30,76.08,79.37,0,5,2.75,1
1034,Male,White,57,12,33,73.76,59.22,0,1,2.93,1
1035,Male,White,42,12,23,48.08,83.07,5,14,3.22,1
1036,Female,White,38,15,17,49.05,57.53,7,3,2.01,0
1037,Male,Black,54,16,33,87.56,87.85,6,1,3.98,1
1038,Female,Other,31,16,8,93.25,48.71,6,8,2.73,0
1039,Male,White,33,15,10,56.98,49.43,3,2,3.7,0
1040,Male,Black,37,19,14,66.28,66.57,1,9,3.07,0
1041,Female,White,53,18,32,61.3,60.15,2,9,2.26,0
1042,Female,Other,36,20,18,44.35,75.37,7,5,3.6,0
1043,Male,White,48,18,24,80.39,55.5,3,14,3.42,1
1044,Female,Black,49,21,31,89.51,46.14,5,0,3.05,1
1045,Female,Asian,38,12,15,58.29,62.89,7,12,3.03,0
1046,Female,Asian,23,18,1,99.41,69.27,2,10,2.17,0
1047,Male,Black,57,12,35,44.55,39.98,4,13,3.31,0
1048,Male,White,28,18,4,79.71,68.97,5,14,3.82,1
1049,Female,White,34,21,12,66.89,52.35,3,14,2.19,0
1050,Male,White,36,19,12,66.8,57.47,1,9,2.53,0
1051,Female,White,46,20,23,67.46,49.55,7,2,3.8,0
1052,Female,Black,44,14,26,55.52,95.2,4,7,2.57,0
1053,Non-Binary,White,43,15,24,82.93,77.83,5,4,3.31,1
1054,Female,White,47,15,27,83.29,48.37,3,7,3.07,0
1055,Non-Binary,Asian,54,20,31,56.94,75.15,0,14,3.19,1
1056,Male,Other,32,18,11,90.12,89.4,6,1,2.83,1
1057,Female,Asian,31,14,12,59.01,58.11,3,6,2.6,0
1058,Male,White,46,21,25,83.51,88.1,0,8,2.1,1
1059,Female,White,58,16,34,47.26,40.81,0,6,3.49,0
1060,Female,Other,59,18,35,50.12,87.59,5,2,3.49,0
1061,Female,White,45,19,26,58.95,67.82,3,6,3.34,0
1062,Non-Binary,White,54,12,35,75.63,45.61,6,14,3.29,1
1063,Female,Black,38,13,15,78.73,58.5,3,7,2.49,0
1064,Male,Asian,45,18,23,63.78,99.16,0,13,2.04,1
1065,Male,Asian,58,13,35,44.67,84.85,2,0,3.62,1
1066,Female,White,23,18,0,62.42,70.26,4,12,2.98,0
1067,Male,White,53,20,32,81.33,38.06,1,12,2.61,1
1068,Male,Other,45,13,23,80.26,59.25,3,2,2.2,0
1069,Male,White,30,18,12,49.61,48.41,4,4,2.13,0
1070,Male,Asian,25,15,5,40.47,34.97,4,11,2.7,0
1071,Male,Asian,38,13,19,85.18,67.95,7,5,3.61,1
1072,Male,Asian,38,18,16,46.38,92.24,2,2,3.84,0
1073,Male,White,51,16,33,44.94,77.29,4,14,3.79,1
1074,Male,White,32,12,10,40.16,47.48,3,3,3.84,0
1075,Non-Binary,Black,42,16,19,65.96,70.15,5,4,3.82,0
1076,Male,Hispanic,42,14,24,70.2,96.03,5,14,3.05,1
1077,Male,Other,39,18,19,78.26,80.6,7,2,2.44,1
1078,Female,White,50,17,31,57.76,78.26,4,3,3.6,1
1079,Male,White,45,19,21,82.63,97.77,3,4,2.43,1
1080,Non-Binary,Other,31,16,7,50.16,85.92,3,1,2.53,0
1081,Female,Asian,38,13,16,89.92,39.56,0,9,2.47,0
1082,Male,Hispanic,39,20,21,74.31,54.33,2,8,3.03,1
1083,Male,White,41,19,19,75.03,97.56,6,9,2.64,1
1084,Female,Black,58,17,35,52.59,64.28,1,7,2.31,0
1085,Non-Binary,Asian,39,21,19,44.45,37.81,6,11,2.91,0
1086,Female,Asian,38,18,19,67.88,62.1,7,5,3.75,0
1087,Female,Black,30,20,8,76.94,78.79,0,9,3.14,0
1088,Male,White,35,18,14,45.7,99.83,1,10,3.76,1
1089,Non-Binary,Black,50,14,32,97.03,52.67,6,2,2.39,0
1090,Male,White,52,17,32,98.82,65.99,3,10,2.33,1
1091,Non-Binary,Black,25,18,6,72.73,91.58,5,1,3.15,0
1092,Female,Other,39,13,15,97.0,54.87,0,6,2.93,0
1093,Female,White,41,14,20,50.77,37.65,6,7,3.32,0
1094,Female,Hispanic,30,15,12,41.53,96.43,7,9,3.59,0
1095,Male,White,34,21,14,42.36,64.19,4,0,3.5,0
1096,Male,Asian,36,17,15,75.25,65.19,7,13,3.88,1
1097,Male,Other,48,12,26,43.7,73.48,7,14,2.8,0
1098,Male,White,36,20,13,97.51,30.25,7,5,2.41,1
1099,Female,White,49,16,25,48.52,95.18,4,6,3.1,0
1100,Male,Black,58,18,35,58.28,55.3,1,14,2.22,1
1101,Male,White,40,20,18,89.35,57.79,3,12,2.58,1
1102,Non-Binary,Asian,47,20,29,53.12,42.19,5,8,2.42,0
1103,Female,Other,47,12,29,54.58,56.47,1,11,2.79,0
1104,Non-Binary,Black,46,12,26,78.54,86.28,6,2,2.22,0
1105,Non-Binary,White,47,14,29,56.57,86.0,6,1,2.06,0
1106,Male,Black,47,17,26,53.05,95.51,5,4,3.31,1
1107,Male,Asian,49,13,25,55.25,58.23,6,12,3.22,0
1108,Female,White,39,21,17,69.44,79.61,2,14,3.42,0
1109,Female,Black,53,12,33,97.97,65.51,5,9,3.32,0
1110,Male,Asian,24,12,0,89.93,86.28,4,0,2.23,0
1111,Female,Asian,23,16,5,57.08,79.88,6,12,2.58,0
1112,Male,White,54,15,35,61.8,55.75,6,5,2.26,1
1113,Male,Asian,40,12,19,67.87,53.57,0,8,3.69,0
1114,Female,White,38,15,20,98.74,47.67,0,9,3.49,0
1115,Female,White,54,14,32,50.34,70.36,0,14,2.4,0
1116,Female,Hispanic,33,13,14,61.45,97.47,5,8,2.68,0
1117,Male,Asian,24,20,2,83.77,44.0,4,6,3.93,0
1118,Female,White,47,12,25,97.84,36.67,5,13,3.19,0
1119,Male,White,56,18,35,49.34,38.36,7,10,3.6,1
1120,Male,White,29,15,5,53.64,84.82,3,6,2.53,1
1121,Female,White,57,16,35,53.54,54.51,4,14,2.42,0
1122,Non-Binary,White,28,21,4,41.26,45.71,4,7,3.57,0
1123,Female,White,57,16,33,76.25,54.7,7,9,3.37,0
1124,Female,Black,37,12,13,80.24,75.17,5,13,3.36,0
1125,Female,Asian,45,17,25,76.15,68.28,5,1,3.11,1
1126,Female,Asian,22,20,0,44.28,82.05,0,13,3.13,0
1127,Male,Asian,46,13,28,44.15,53.74,4,5,3.47,0
1128,Male,White,31,18,11,52.62,61.64,0,4,2.54,0
1129,Male,Other,37,17,15,57.42,37.14,3,4,2.71,0
1130,Male,Hispanic,37,16,17,87.19,35.11,2,12,3.74,0
1131,Female,Hispanic,29,15,8,49.56,62.36,0,2,2.62,0
1132,Female,Hispanic,50,15,31,42.65,51.11,5,2,3.09,0
1133,Male,Other,49,17,25,63.64,72.9,6,5,3.41,1
1134,Male,Black,27,15,9,64.98,33.01,1,11,4.0,0
1135,Female,White,37,16,16,67.05,38.52,2,9,2.87,0
1136,Male,Asian,41,17,23,89.61,90.56,3,12,2.86,1
1137,Female,Asian,37,16,18,45.88,69.64,6,9,3.69,0
1138,Female,Asian,28,18,7,82.24,79.84,5,6,3.61,0
1139,Female,Black,35,20,17,60.28,88.94,2,13,3.46,1
1140,Female,White,47,21,25,58.6,62.47,7,0,2.93,0
1141,Female,White,47,18,23,95.95,83.27,5,13,2.65,1
1142,Male,Other,35,18,14,54.91,66.72,0,2,3.22,0
1143,Female,Black,28,15,6,78.55,45.59,6,11,3.75,0
1144,Female,Black,54,12,30,56.51,53.64,5,0,3.77,0
1145,Male,White,47,19,24,70.43,64.32,6,9,2.22,1
1146,Female,White,41,15,19,87.18,52.18,3,2,2.86,0
1147,Female,Hispanic,24,12,4,92.9,53.49,1,4,2.93,0
1148,Female,Asian,25,16,7,90.32,53.62,0,8,3.96,0
1149,Female,Hispanic,47,19,23,74.93,38.6,0,2,3.36,0
1150,Female,Black,32,15,11,54.93,35.92,6,9,2.81,0
1151,Female,Asian,23,19,4,79.67,33.25,3,13,2.05,0
1152,Female,White,35,19,14,82.59,37.77,3,9,3.13,0
1153,Female,Asian,51,14,31,40.64,54.06,2,8,2.19,0
1154,Female,Black,33,20,15,66.35,71.57,1,0,3.67,0
1155,Female,Black,47,14,27,90.6,43.17,5,5,3.51,0
1156,Female,Asian,54,12,33,69.38,92.16,2,8,2.92,1
1157,Male,Other,34,13,16,58.68,86.59,5,11,2.86,0
1158,Female,White,35,17,16,92.31,66.44,5,4,3.79,1
1159,Female,Hispanic,45,21,21,49.35,80.69,5,10,2.58,0
1160,Male,White,55,13,35,52.39,55.64,2,13,2.5,1
1161,Female,Black,47,17,25,81.24,32.57,0,9,3.88,0
1162,Male,White,42,12,24,61.15,93.3,3,1,3.62,1
1163,Male,White,49,12,29,82.78,38.95,0,4,3.64,1
1164,Female,Black,57,16,35,49.46,96.36,1,0,2.39,0
1165,Male,White,23,21,3,55.14,70.03,2,8,2.29,1
1166,Female,Black,30,20,11,49.4,51.39,7,9,2.05,0
1167,Female,Other,44,19,26,97.17,64.69,1,12,2.47,1
1168,Female,White,36,14,18,64.32,65.11,3,9,3.55,0
1169,Male,Hispanic,34,14,11,60.23,31.63,3,8,2.48,0
1170,Male,Black,44,12,25,40.85,54.88,4,5,3.46,0
1171,Female,Asian,38,14,14,49.21,81.79,1,10,2.5,0
1172,Non-Binary,White,23,12,0,65.27,65.7,7,8,2.79,0
1173,Female,White,41,19,17,44.11,47.1,0,13,3.97,0
1174,Male,White,41,12,17,70.64,53.46,6,2,2.49,0
1175,Female,White,24,16,0,67.3,90.41,7,14,2.75,0
1176,Female,White,33,20,12,86.03,66.79,1,3,2.6,1
1177,Female,Asian,23,18,3,79.59,66.98,2,12,2.22,0
1178,Male,Hispanic,57,15,35,66.76,97.3,3,5,2.98,1
1179,Female,Hispanic,35,20,14,53.48,52.46,3,3,2.76,0
1180,Female,Asian,37,20,18,83.61,63.57,1,0,3.39,1
1181,Non-Binary,White,40,13,17,82.47,86.82,7,6,3.64,1
1182,Male,White,55,21,35,49.2,83.12,1,4,3.09,1
1183,Female,White,27,21,5,94.89,48.61,5,13,2.06,0
1184,Non-Binary,White,34,17,14,43.86,40.58,1,14,3.24,0
1185,Male,Black,57,15,34,43.3,79.05,5,7,2.11,1
1186,Non-Binary,Black,43,19,22,51.24,48.04,7,8,3.23,0
1187,Female,White,39,18,17,94.57,94.59,2,4,3.37,1
1188,Male,White,33,18,15,71.2,39.05,2,7,2.4,1
1189,Male,Hispanic,51,21,28,87.28,52.28,0,12,3.64,1
1190,Female,Hispanic,28,20,10,53.67,33.84,1,0,3.82,0
1191,Male,White,53,16,35,69.41,79.23,7,0,3.63,1
1192,Female,Other,40,17,21,61.5,92.39,7,6,2.61,0
1193,Male,Other,27,12,5,89.67,74.51,0,14,3.17,0
1194,Female,White,41,17,22,41.36,95.64,6,5,3.83,1
1195,Male,White,48,13,30,54.63,39.0,7,4,2.64,0
1196,Female,Black,58,17,35,49.15,36.14,4,13,3.64,0
1197,Non-Binary,Other,28,20,10,91.55,88.69,2,14,2.02,1
1198,Non-Binary,Hispanic,26,19,5,68.05,89.89,3,4,2.01,0
1199,Female,White,32,20,14,64.25,88.17,5,13,3.52,1
1200,Male,White,36,21,17,66.97,85.93,4,8,3.52,1
1201,Female,Black,24,19,2,98.32,55.36,3,0,3.58,0
1202,Male,Black,26,14,3,91.02,45.22,4,7,3.86,0
1203,Male,White,44,19,25,82.38,95.02,0,1,2.24,1
1204,Male,Hispanic,58,17,35,57.43,51.49,0,6,2.46,0
1205,Female,Asian,30,17,9,49.91,57.89,5,5,3.81,0
1206,Female,Hispanic,36,17,16,95.29,78.97,2,9,2.35,1
1207,Female,Hispanic,24,14,3,65.38,50.53,6,1,3.36,0
1208,Male,Asian,50,21,32,56.73,87.34,7,11,3.06,1
1209,Male,Black,27,12,6,68.26,34.9,5,12,2.17,0
1210,Non-Binary,Asian,38,15,18,95.07,85.38,6,2,2.57,0
1211,Male,White,47,21,26,63.22,72.13,3,3,3.04,0
1212,Female,Asian,42,17,22,73.76,70.11,7,6,3.7,0
1213,Male,White,29,21,11,88.18,62.09,4,7,3.42,1
1214,Female,Asian,42,13,22,65.63,49.39,5,12,3.24,0
1215,Female,White,32,18,13,54.01,62.48,6,10,2.99,1
1216,Male,White,59,18,35,99.67,61.5,1,1,2.6,1
1217,Male,White,29,15,9,97.39,70.86,1,7,2.24,1
1218,Female,White,45,15,22,90.61,49.71,2,10,2.82,1
1219,Female,Asian,56,12,34,81.3,35.43,6,8,2.06,0
1220,Male,Asian,35,13,12,57.69,40.16,5,6,2.42,0
1221,Non-Binary,Black,35,20,15,94.8,78.94,3,0,2.86,1
1222,Male,White,31,21,9,56.53,31.57,1,5,2.84,0
1223,Male,White,33,19,14,88.05,89.95,2,7,2.09,1
1224,Non-Binary,White,59,19,35,95.1,78.61,5,4,3.18,1
1225,Male,White,55,20,35,76.18,83.77,2,11,3.1,1
1226,Female,Hispanic,31,18,12,88.18,88.52,3,14,2.16,1
1227,Male,White,38,20,16,87.5,38.59,1,1,3.89,0
1228,Male,White,38,21,16,51.59,87.57,7,14,2.2,1
1229,Non-Binary,White,24,13,1,80.08,65.32,1,4,3.71,0
1230,Male,White,52,17,30,45.61,91.99,1,7,2.0,1
1231,Female,Black,22,14,4,70.47,92.06,6,1,3.76,0
1232,Male,Asian,33,17,13,49.73,31.69,0,0,2.04,0
1233,Male,White,25,14,1,64.98,56.8,6,14,3.52,0
1234,Male,White,34,19,10,89.98,66.85,1,3,2.72,1
1235,Female,White,55,15,31,99.23,77.49,4,3,3.48,1
1236,Male,White,42,21,22,59.08,50.03,0,8,2.8,1
1237,Female,White,43,17,19,71.92,47.65,7,2,2.14,0
1238,Female,Other,25,20,2,70.68,56.69,5,3,3.54,0
1239,Non-Binary,Asian,39,13,19,97.26,65.07,6,2,2.14,0
1240,Male,Black,26,13,8,68.72,96.58,0,1,3.84,0
1241,Female,Black,40,18,21,81.95,83.35,0,3,2.1,0
1242,Female,Black,23,13,5,95.31,60.05,6,13,2.96,0
1243,Female,Black,33,13,13,62.4,33.81,6,7,3.45,0
1244,Female,Asian,38,15,18,94.13,41.8,0,0,2.79,0
1245,Female,Asian,31,20,9,95.05,61.91,2,7,2.43,0
1246,Female,White,55,19,33,95.84,86.97,7,7,3.52,1
1247,Male,Black,27,13,5,56.23,56.65,4,14,3.57,0
1248,Male,Black,29,19,8,64.02,67.69,3,2,3.85,0
1249,Non-Binary,Hispanic,32,15,9,92.22,92.43,1,13,2.75,0
1250,Female,Asian,33,13,13,61.55,93.97,7,9,3.01,1
1251,Female,Black,30,21,12,76.02,45.1,6,9,2.73,0
1252,Female,White,23,18,3,47.08,33.05,0,11,2.51,0
1253,Male,Asian,29,17,7,43.38,51.38,3,11,3.5,0
1254,Male,White,32,21,12,64.72,78.71,6,5,2.68,1
1255,Female,White,57,16,35,74.73,96.58,2,12,2.86,1
1256,Male,White,31,12,11,63.56,35.39,3,12,2.81,0
1257,Male,Asian,42,13,24,74.66,31.99,0,3,3.43,0
1258,Female,White,41,19,17,70.91,91.89,7,12,3.84,1
1259,Male,White,29,12,10,81.14,82.37,5,0,3.33,1
1260,Female,Hispanic,57,14,35,78.97,99.46,7,13,2.94,1
1261,Male,White,50,13,30,65.45,57.78,7,0,3.56,1
1262,Female,Black,33,16,12,65.5,59.12,4,4,3.28,0
1263,Male,Black,35,15,13,48.45,42.06,3,11,2.12,0
1264,Female,White,42,18,19,70.79,38.11,6,7,2.19,0
1265,Male,Hispanic,43,16,20,75.23,70.51,0,0,2.08,0
1266,Male,White,42,19,18,68.59,55.5,6,1,2.91,1
1267,Male,Black,51,15,28,59.54,35.62,0,6,3.65,0
1268,Female,Black,41,17,18,83.3,92.09,1,7,2.63,0
1269,Female,Asian,45,15,23,44.48,43.88,5,11,2.77,0
1270,Male,Asian,44,13,22,94.87,82.4,1,13,3.82,1
1271,Female,White,28,12,7,41.24,49.76,7,2,3.67,0
1272,Female,White,30,12,12,97.74,86.9,5,10,3.33,0
1273,Female,Asian,22,19,0,67.74,38.29,4,11,2.53,0
1274,Male,Black,47,15,24,64.76,82.93,1,12,2.23,0
1275,Female,Hispanic,59,16,35,55.39,36.87,4,7,2.03,0
1276,Male,Hispanic,59,19,35,40.6,61.28,6,0,2.21,0
1277,Male,Hispanic,43,18,24,56.49,81.38,7,8,2.59,1
1278,Non-Binary,Black,31,19,8,46.56,42.13,2,11,3.1,0
1279,Male,White,27,19,4,79.59,50.0,2,1,2.13,0
1280,Female,Hispanic,38,17,16,59.14,90.53,5,13,2.27,0
1281,Female,Black,59,21,35,86.03,91.96,5,12,2.36,1
1282,Female,White,45,13,21,52.41,33.15,1,1,3.26,0
1283,Female,Hispanic,31,17,8,94.01,41.77,2,3,3.23,0
1284,Male,Hispanic,29,12,5,71.38,38.22,3,11,3.1,0
1285,Male,Black,42,12,24,46.87,42.58,3,9,2.5,0
1286,Female,White,27,14,6,64.05,97.91,6,2,2.74,0
1287,Male,White,42,14,21,52.41,68.62,3,3,2.19,0
1288,Male,Hispanic,45,16,25,51.98,62.77,6,5,2.45,0
1289,Male,Other,54,12,31,70.38,98.91,2,6,3.8,1
1290,Male,White,39,21,21,80.31,68.99,3,4,3.96,1
1291,Male,White,49,17,27,94.7,76.28,4,1,3.3,1
1292,Male,Hispanic,53,18,30,70.13,53.29,0,2,3.83,0
1293,Female,White,33,21,9,97.95,56.75,5,9,3.29,1
1294,Female,Black,48,14,29,96.5,71.61,7,10,2.07,0
1295,Female,Other,31,15,10,91.9,34.89,1,2,3.99,0
1296,Male,White,53,21,29,70.0,47.91,6,13,2.2,1
1297,Male,Asian,47,21,27,48.45,43.78,4,4,3.37,0
1298,Male,White,46,21,25,53.07,31.11,3,11,2.51,0
1299,Female,White,32,21,10,78.86,67.58,7,10,2.78,1
1300,Female,Hispanic,44,21,23,65.31,69.27,7,11,3.29,0
1301,Male,Black,55,14,35,48.81,56.88,0,4,2.87,0
1302,Non-Binary,Other,44,12,26,68.74,48.81,1,3,2.5,0
1303,Male,Black,50,19,27,41.05,75.64,4,7,2.67,0
1304,Female,White,52,21,33,84.03,39.43,1,5,2.68,0
1305,Female,White,28,21,10,44.41,66.3,6,5,3.92,0
1306,Female,White,54,13,35,77.75,83.77,6,0,3.6,1
1307,Female,White,42,12,19,87.58,41.5,5,5,2.92,0
1308,Female,White,23,19,2,47.96,82.73,2,2,2.4,0
1309,Male,White,39,18,19,71.12,83.26,6,12,3.62,1
1310,Female,Black,54,18,31,86.74,34.19,3,5,2.31,0
1311,Male,Asian,58,15,35,55.64,31.31,7,9,2.42,0
1312,Female,Asian,55,20,35,49.77,98.18,4,12,2.73,1
1313,Female,Asian,41,17,19,60.21,43.54,4,10,3.76,0
1314,Female,White,56,13,35,73.28,87.55,0,12,2.26,1
1315,Female,White,39,12,16,74.52,69.33,7,5,2.24,0
1316,Female,Asian,45,12,25,47.85,48.51,0,1,2.99,0
1317,Female,Black,29,20,5,67.45,39.1,0,0,2.55,0
1318,Female,White,51,15,30,56.1,64.77,7,10,3.14,0
1319,Male,Hispanic,31,16,9,90.52,58.51,1,14,2.9,0
1320,Male,Hispanic,44,14,25,58.81,78.92,3,2,2.87,0
1321,Male,Black,32,15,9,90.32,93.29,1,4,2.22,0
1322,Male,White,23,19,3,65.71,86.37,3,14,2.28,1
1323,Female,Hispanic,47,15,26,83.6,49.21,4,14,3.64,0
1324,Male,Black,57,20,35,70.6,91.53,6,3,3.77,1
1325,Non-Binary,Hispanic,54,20,34,77.32,88.34,6,6,2.47,1
1326,Male,Hispanic,34,17,16,63.72,95.04,1,3,2.23,1
1327,Male,Hispanic,46,13,27,86.09,62.11,1,7,2.11,0
1328,Female,Black,25,21,3,65.51,83.8,1,6,3.22,0
1329,Female,White,40,18,19,67.45,71.42,2,9,3.43,0
1330,Female,Asian,39,20,16,71.06,51.74,5,8,2.75,0
1331,Female,Asian,58,17,35,89.91,99.61,7,0,3.36,1
1332,Female,Asian,51,14,28,79.56,32.68,3,14,3.43,0
1333,Male,White,40,18,16,60.95,41.36,6,4,3.87,1
1334,Non-Binary,White,44,16,24,80.22,92.48,3,12,2.13,1
1335,Non-Binary,Hispanic,37,12,13,78.55,34.24,1,3,2.38,0
1336,Female,Asian,22,14,4,95.86,92.08,2,5,2.14,0
1337,Male,Other,33,16,13,90.48,80.07,1,0,3.74,1
1338,Female,Hispanic,45,18,26,78.85,32.57,3,5,3.59,0
1339,Male,Black,55,14,33,60.49,60.05,5,0,3.15,0
1340,Male,Asian,29,17,6,86.77,82.81,6,13,2.17,1
1341,Male,Hispanic,39,16,21,74.51,70.82,5,13,2.55,1
1342,Female,Black,26,12,7,99.12,95.51,7,0,2.6,0
1343,Female,Asian,47,21,24,54.85,90.74,4,7,3.12,0
1344,Female,White,51,17,29,44.78,53.29,2,1,2.52,0
1345,Female,Black,34,19,13,44.19,35.92,5,9,2.15,0
1346,Male,Asian,40,12,22,78.4,96.1,2,12,3.46,1
1347,Male,White,50,13,26,96.36,66.21,1,13,2.6,1
1348,Male,White,24,15,0,40.12,35.21,4,5,2.9,0
1349,Non-Binary,White,47,13,24,83.55,87.16,3,13,2.26,1
1350,Male,White,33,20,10,79.42,90.8,5,5,3.61,1
1351,Female,White,23,21,0,83.94,74.76,5,5,3.13,1
1352,Female,Black,32,19,14,61.32,61.33,0,7,3.8,0
1353,Male,Other,49,19,27,89.23,76.35,6,3,2.99,1
1354,Female,Black,39,15,18,42.68,79.47,3,2,3.88,0
1355,Female,White,34,16,10,85.33,92.51,5,5,3.78,1
1356,Female,White,58,15,35,56.02,96.91,5,3,3.15,1
1357,Non-Binary,Asian,43,20,23,68.61,66.0,3,1,3.87,0
1358,Male,White,33,13,15,89.36,85.89,4,5,2.65,1
1359,Male,Hispanic,23,19,5,56.28,97.52,2,9,2.73,1
1360,Female,Asian,58,13,35,51.11,40.59,3,4,2.09,0
1361,Non-Binary,Hispanic,28,12,4,80.88,31.28,2,10,3.18,0
1362,Male,White,47,21,26,72.0,90.83,4,8,3.44,1
1363,Female,Asian,47,14,25,70.86,43.67,4,10,3.55,0
1364,Female,White,45,20,26,55.41,32.97,7,5,2.3,0
1365,Female,Other,33,14,9,42.09,41.21,1,13,2.89,0
1366,Male,Asian,37,20,15,64.62,56.89,0,2,2.35,0
1367,Female,White,44,18,20,46.39,45.35,4,10,3.32,0
1368,Non-Binary,White,30,21,6,94.36,51.37,7,4,2.32,0
1369,Male,White,53,12,35,42.48,98.27,7,14,3.81,1
1370,Male,Asian,36,21,15,65.9,79.31,7,9,2.46,1
1371,Non-Binary,White,58,16,35,43.13,79.85,4,7,2.58,1
1372,Male,Black,34,20,14,45.73,36.63,2,8,3.7,0
1373,Female,White,26,14,5,79.53,81.25,4,7,2.92,0
1374,Female,Asian,32,20,8,78.83,81.75,3,14,2.05,1
1375,Male,Hispanic,31,16,9,41.98,76.18,1,2,2.99,0
1376,Female,Hispanic,34,20,15,40.07,45.99,1,8,2.17,0
1377,Male,Hispanic,36,21,15,44.73,59.61,3,2,3.97,0
1378,Female,White,28,17,8,85.78,89.24,5,7,3.18,1
1379,Male,White,49,20,25,75.07,76.91,4,9,2.51,1
1380,Female,Asian,53,18,34,42.29,81.29,6,8,3.13,1
1381,Male,White,56,18,35,69.29,71.12,0,6,2.15,1
1382,Male,Black,36,19,18,82.72,61.47,7,3,3.6,1
1383,Non-Binary,White,57,18,35,92.14,83.13,4,9,3.85,1
1384,Male,White,42,20,21,96.04,34.75,1,14,3.75,1
1385,Female,White,27,20,6,59.65,77.12,0,8,2.68,0
1386,Male,Hispanic,22,17,1,48.15,99.8,6,2,2.65,0
1387,Female,White,25,18,6,54.22,84.61,5,14,2.07,0
1388,Male,Black,32,13,14,86.57,50.34,2,2,3.3,0
1389,Non-Binary,White,47,20,25,98.29,49.45,2,1,3.07,1
1390,Female,Asian,58,12,35,67.98,76.71,6,9,2.92,1
1391,Male,White,44,12,24,58.32,92.71,4,14,3.82,1
1392,Male,Hispanic,50,14,26,65.75,70.46,4,2,2.34,0
1393,Male,Hispanic,42,17,19,58.29,66.92,0,0,2.02,0
1394,Female,White,48,16,26,55.39,41.23,0,14,2.15,0
1395,Male,Other,34,13,16,75.63,80.08,5,3,2.45,1
1396,Female,Other,44,20,20,40.94,79.16,4,7,2.07,0
1397,Male,Hispanic,37,21,13,55.57,97.69,1,4,3.01,0
1398,Male,Hispanic,51,15,30,79.68,51.01,2,1,2.63,0
1399,Female,White,25,15,2,41.92,82.95,5,2,2.36,0
1400,Female,Black,37,16,19,44.99,60.38,7,0,3.5,0
1401,Male,White,52,19,29,57.6,69.09,0,1,2.41,1
1402,Male,White,46,21,24,92.67,87.15,7,0,3.38,1
1403,Male,Other,33,15,10,85.89,45.54,1,1,2.7,0
1404,Female,White,47,16,23,41.33,54.0,4,2,3.02,0
1405,Female,Asian,58,15,35,70.1,84.13,3,0,3.87,1
1406,Female,Hispanic,54,17,31,56.48,69.93,0,10,2.07,0
1407,Female,Hispanic,49,14,29,78.92,36.47,5,8,3.0,0
1408,Female,Other,30,19,12,83.29,60.11,3,9,3.71,0
1409,Female,White,33,17,15,91.77,71.06,1,4,3.18,0
1410,Female,White,26,21,2,68.52,93.67,7,7,2.55,1
1411,Male,Black,49,16,30,99.67,43.19,6,4,2.8,1
1412,Male,White,56,13,33,98.8,86.42,2,7,3.36,1
1413,Male,White,26,21,3,92.93,39.14,6,6,3.78,1
1414,Male,White,55,21,34,74.49,46.96,6,11,2.08,1
1415,Female,Hispanic,55,18,35,63.88,47.03,6,3,2.14,0
1416,Non-Binary,Black,34,13,11,61.86,91.42,1,14,2.65,0
1417,Male,White,35,12,17,40.73,43.93,2,6,2.47,0
1418,Male,Asian,32,18,9,54.95,85.09,1,5,2.53,0
1419,Female,White,59,16,35,83.13,62.33,6,2,2.44,1
1420,Non-Binary,White,25,12,1,76.22,99.94,0,8,2.39,0
1421,Male,Hispanic,54,15,35,94.99,88.74,6,11,2.26,1
1422,Female,Asian,28,15,6,43.0,81.78,0,9,3.87,0
1423,Male,Hispanic,29,21,5,49.32,90.95,5,14,2.29,0
1424,Male,White,58,18,35,87.35,74.38,6,12,2.41,1
1425,Non-Binary,Hispanic,31,20,7,61.51,89.06,3,8,2.49,0
1426,Non-Binary,Asian,36,13,13,47.1,48.28,1,13,3.87,0
1427,Male,Black,59,12,35,99.79,36.84,6,4,3.51,1
1428,Non-Binary,Asian,36,13,12,87.24,73.12,1,7,3.58,0
1429,Female,Hispanic,26,18,5,64.52,60.43,7,6,2.21,0
1430,Female,Black,50,21,28,89.4,59.85,6,8,3.67,1
1431,Female,Black,40,17,16,80.84,66.87,3,6,2.82,0
1432,Female,Other,31,15,13,87.4,55.3,6,3,2.53,0
1433,Female,Hispanic,33,12,15,88.91,73.82,4,3,3.15,0
1434,Female,Black,25,12,6,45.08,32.14,5,10,3.64,0
1435,Male,Asian,52,16,29,77.38,97.89,7,7,3.56,1
1436,Male,White,39,12,18,40.41,94.73,1,5,3.78,0
1437,Male,White,37,18,18,42.61,95.47,7,8,3.86,1
1438,Female,Black,57,12,35,94.24,55.55,5,13,2.48,1
1439,Male,Other,46,12,26,71.65,67.23,1,9,2.85,0
1440,Female,Other,44,13,23,84.15,96.79,1,13,2.03,1
1441,Non-Binary,White,33,21,14,90.31,93.16,4,6,3.76,1
1442,Male,Black,55,14,35,96.98,85.32,6,6,2.31,1
1443,Female,White,57,12,35,92.16,58.51,0,3,3.72,1
1444,Male,Other,58,20,35,69.0,69.5,5,2,2.66,1
1445,Female,Other,24,21,2,60.16,85.5,3,7,2.74,0
1446,Male,Asian,30,19,10,49.27,49.11,5,6,2.08,0
1447,Female,Hispanic,39,16,17,64.02,73.85,6,3,2.65,0
1448,Female,Asian,56,13,35,61.99,87.96,4,12,3.78,1
1449,Non-Binary,Black,55,16,32,73.57,79.52,2,3,2.05,0
1450,Female,White,35,17,15,79.93,63.56,7,0,2.81,0
1451,Female,Black,25,12,4,98.7,70.92,2,10,2.06,0
1452,Female,Asian,50,15,31,83.7,99.21,4,6,2.74,1
1453,Female,Asian,36,20,18,78.62,72.14,7,0,2.35,1
1454,Female,White,49,13,25,60.11,84.99,6,9,2.5,0
1455,Male,Other,37,16,16,42.07,80.86,4,9,3.76,0
1456,Non-Binary,White,33,12,11,57.29,79.1,0,3,2.87,0
1457,Female,Black,26,15,3,86.11,80.15,5,10,2.55,0
1458,Female,Asian,55,15,32,52.32,61.81,6,13,3.18,0
1459,Male,Asian,22,17,1,82.73,63.19,7,2,2.28,0
1460,Female,Asian,53,21,34,74.79,62.75,5,10,2.52,1
1461,Male,White,47,20,23,50.31,32.33,2,2,3.09,0
1462,Female,White,38,14,16,55.7,46.87,6,11,2.48,0
1463,Male,Asian,48,20,27,69.78,40.82,3,0,3.36,1
1464,Female,Black,45,17,24,65.1,92.05,5,3,2.98,1
1465,Non-Binary,White,56,18,35,86.71,49.25,1,13,3.54,1
1466,Male,Asian,47,21,24,84.06,39.69,7,0,3.9,1
1467,Non-Binary,Black,59,13,35,74.47,38.38,1,13,2.23,0
1468,Male,Asian,44,21,20,89.34,79.0,0,12,2.67,1
1469,Female,Hispanic,43,17,20,73.76,30.43,7,12,2.64,0
1470,Female,White,25,17,4,97.86,62.99,6,7,2.3,1
1471,Female,White,30,13,7,53.03,38.32,7,14,3.62,0
1472,Female,Hispanic,25,13,2,82.85,89.48,0,14,3.52,0
1473,Female,Asian,28,13,8,62.2,97.09,7,0,2.97,0
1474,Male,Asian,44,21,21,56.74,97.11,6,11,3.08,1
1475,Male,Hispanic,23,12,4,50.82,60.94,2,13,2.12,0
1476,Female,Hispanic,45,16,22,73.15,75.12,3,5,3.11,0
1477,Female,Other,52,19,33,52.93,71.98,3,6,3.58,0
1478,Female,Black,52,13,30,52.02,54.5,4,14,3.15,0
1479,Female,Black,55,16,32,99.43,61.08,0,9,2.53,1
1480,Male,Black,45,19,21,88.1,34.5,6,13,3.34,1
1481,Female,White,47,21,28,84.9,85.7,5,11,2.72,1
1482,Male,Black,37,16,18,87.64,46.86,1,1,3.09,0
1483,Female,White,34,13,13,98.14,62.24,5,3,2.98,1
1484,Male,Other,36,14,14,74.4,63.64,1,10,2.76,0
1485,Male,Black,48,17,25,53.21,69.25,2,13,3.44,1
1486,Male,Black,25,16,7,91.73,87.25,1,2,3.77,1
1487,Male,White,37,15,13,84.56,78.43,5,12,2.01,1
1488,Female,White,51,15,30,64.86,76.41,7,12,3.87,1
1489,Male,White,51,16,29,68.41,66.87,5,8,3.02,1
1490,Male,Black,57,13,35,64.68,36.72,3,13,3.4,0
1491,Male,White,24,20,0,95.8,58.14,6,6,3.71,1
1492,Male,Asian,43,13,20,60.61,97.01,3,1,2.93,0
1493,Male,Hispanic,43,21,25,97.81,99.69,0,10,3.67,1
1494,Male,Hispanic,33,13,13,94.62,81.13,7,11,2.36,1
1495,Female,Asian,42,21,22,77.83,45.93,5,5,2.32,0
1496,Female,White,25,20,3,74.79,37.13,7,8,3.31,0
1497,Female,Hispanic,52,14,34,62.21,59.03,7,11,3.74,0
1498,Female,Hispanic,52,21,28,41.1,89.96,6,2,3.78,1
1499,Male,White,44,18,23,47.66,80.53,2,13,3.29,1
1500,Female,Asian,41,15,17,85.25,91.87,1,14,3.05,1
1501,Female,White,36,17,18,68.29,73.1,0,10,2.66,0
1502,Female,Hispanic,44,15,25,48.99,39.12,4,5,3.96,0
1503,Male,Other,49,21,29,55.84,38.04,7,13,2.64,1
1504,Male,White,37,18,15,96.87,33.36,4,2,3.49,1
1505,Male,Hispanic,58,12,35,62.03,69.7,6,2,3.06,0
1506,Male,Asian,42,14,18,94.46,47.0,1,3,3.22,0
1507,Female,Other,36,14,16,58.28,81.41,1,8,2.79,0
1508,Female,Black,38,12,17,72.59,78.04,6,10,3.93,0
1509,Female,Hispanic,58,17,35,41.23,52.27,1,12,3.14,0
1510,Female,White,34,20,11,71.31,42.38,3,7,3.88,0
1511,Female,White,40,19,16,78.22,37.17,1,0,2.02,0
1512,Female,White,51,18,30,54.06,81.61,4,12,3.15,1
1513,Non-Binary,Other,39,21,16,74.74,61.53,1,11,3.43,0
1514,Male,Hispanic,35,19,16,78.83,52.65,5,10,3.49,1
1515,Male,Hispanic,57,17,35,81.21,89.97,6,0,3.81,1
1516,Male,Other,57,20,35,86.58,71.55,2,6,2.01,1
1517,Female,White,41,14,21,58.68,66.26,4,2,2.0,0
1518,Female,White,40,21,19,74.07,82.04,2,13,2.94,1
1519,Male,White,28,21,9,98.89,87.09,4,10,2.06,1
1520,Non-Binary,White,25,20,5,93.89,78.03,7,6,3.95,1
1521,Male,White,55,15,33,97.16,60.8,0,8,2.44,1
1522,Non-Binary,Black,23,18,2,63.17,56.55,5,2,2.95,0
1523,Male,White,26,20,6,87.22,84.02,4,2,2.12,1
1524,Male,White,31,13,7,77.19,66.25,7,1,3.04,1
1525,Female,White,53,13,33,44.96,79.31,5,9,2.76,0
1526,Male,White,34,20,15,89.44,92.33,4,0,2.09,1
1527,Male,Other,26,14,4,80.63,94.11,2,8,2.67,0
1528,Male,Hispanic,31,20,8,51.94,49.44,2,5,2.78,0
1529,Female,Other,31,16,8,44.78,43.15,6,5,3.98,0
1530,Female,Black,59,17,35,90.22,48.29,4,7,2.42,0
1531,Male,White,48,13,25,44.73,82.6,4,10,3.09,0
1532,Female,Hispanic,42,19,22,45.48,55.9,3,4,3.97,0
1533,Female,White,29,20,7,65.64,42.14,5,8,3.58,0
1534,Male,White,22,13,0,48.09,36.89,5,14,3.99,0
1535,Male,White,49,17,30,94.82,52.91,5,10,3.94,1
1536,Male,White,35,17,16,68.22,39.53,5,4,2.98,1
1537,Male,White,42,19,18,74.15,40.95,0,1,3.39,0
1538,Female,White,51,21,31,95.69,77.87,0,5,2.22,1
1539,Male,Asian,42,16,19,71.82,31.38,7,14,2.88,0
1540,Female,White,30,20,11,61.22,38.23,1,8,3.62,0
1541,Female,White,38,12,20,87.83,89.11,4,2,3.01,1
1542,Male,Hispanic,26,20,4,66.57,89.14,4,9,3.41,1
1543,Female,White,52,21,30,59.11,53.05,4,3,3.49,0
1544,Male,White,59,18,35,83.39,36.16,4,9,2.51,1
1545,Non-Binary,Hispanic,40,15,22,88.1,79.35,5,10,3.75,1
1546,Female,White,57,14,33,87.5,55.21,5,7,2.92,1
1547,Female,White,54,21,32,98.66,33.18,0,5,2.42,1
1548,Female,Black,34,17,12,87.2,41.05,2,12,3.73,0
1549,Male,White,35,12,12,86.2,39.61,3,6,2.84,0
1550,Female,Black,54,14,34,91.45,71.24,5,6,3.5,0
1551,Non-Binary,Hispanic,50,13,29,40.01,92.87,5,3,3.1,0
1552,Female,White,57,20,35,61.75,85.52,6,14,2.76,1
1553,Female,Black,31,14,9,84.26,68.26,5,11,3.62,0
1554,Female,Black,52,13,31,75.98,59.55,2,5,3.17,0
1555,Male,White,27,15,5,50.65,73.31,2,11,2.78,0
1556,Male,Asian,22,13,0,58.22,61.07,0,8,2.22,0
1557,Female,White,28,12,5,60.21,47.23,5,2,3.79,0
1558,Male,Black,48,17,27,74.07,77.54,7,7,2.07,1
1559,Female,White,42,21,23,89.9,91.13,6,6,3.73,1
1560,Non-Binary,Black,49,19,27,95.95,56.1,3,3,2.72,1
1561,Male,White,37,21,18,85.01,88.91,4,9,3.28,1
1562,Male,Hispanic,44,21,22,90.58,60.18,5,12,3.84,1
1563,Female,White,41,13,21,68.21,58.09,0,2,2.3,0
1564,Male,Black,59,20,35,63.39,31.98,0,13,3.13,0
1565,Female,Black,46,14,23,63.56,78.67,7,6,3.53,0
1566,Male,Asian,49,19,25,76.96,86.53,3,9,3.52,1
1567,Female,Black,26,19,8,47.45,76.45,6,8,3.05,0
1568,Male,Asian,42,14,18,74.77,40.6,1,11,3.25,0
1569,Female,Hispanic,39,14,15,79.91,37.23,0,9,3.52,0
1570,Female,Hispanic,27,17,3,66.33,70.1,2,2,3.68,0
1571,Female,White,50,12,32,97.19,58.11,2,14,3.52,1
1572,Male,Black,40,15,21,76.49,60.04,4,9,2.71,1
1573,Female,Hispanic,54,12,35,53.2,97.75,0,8,3.99,0
1574,Female,Other,22,14,3,68.75,80.67,6,12,2.87,0
1575,Male,Hispanic,24,20,6,80.52,58.83,4,7,2.05,0
1576,Male,White,42,16,24,59.42,31.34,0,11,2.73,1
1577,Male,White,56,16,34,44.78,32.39,3,2,2.26,0
1578,Female,Black,24,15,5,75.01,77.94,5,14,2.24,0
1579,Female,Asian,46,14,24,96.87,88.64,6,7,2.56,1
1580,Female,Black,59,16,35,69.1,79.54,0,11,2.11,1
1581,Male,Black,41,15,19,94.37,58.41,6,3,3.38,1
1582,Male,Hispanic,55,19,31,90.1,32.18,1,5,2.15,0
1583,Female,White,42,15,21,48.84,97.72,6,11,2.41,1
1584,Female,Hispanic,44,19,23,82.49,99.04,6,9,2.19,1
1585,Non-Binary,Black,27,17,4,66.13,68.46,2,1,2.13,0
1586,Male,White,34,16,11,55.01,34.95,3,7,2.54,0
1587,Female,Black,44,15,22,81.22,67.87,5,12,3.14,0
1588,Male,Hispanic,30,15,12,84.56,92.46,5,8,3.93,1
1589,Male,White,38,15,20,50.79,77.6,2,6,3.75,1
1590,Female,White,23,20,2,94.87,80.4,6,7,3.75,1
1591,Female,Other,40,15,16,85.07,35.95,5,6,2.35,0
1592,Non-Binary,White,40,20,21,96.0,37.46,4,10,2.53,1
1593,Male,Black,28,21,4,59.02,38.91,3,9,2.15,0
1594,Male,Black,41,17,17,96.36,93.31,1,3,3.56,1
1595,Female,Black,30,21,8,62.11,66.81,2,0,2.14,0
1596,Female,Asian,38,18,16,43.24,85.41,0,2,3.11,0
1597,Male,White,48,21,28,85.78,38.07,0,6,2.5,1
1598,Male,Black,23,14,0,82.21,94.93,0,10,2.49,0
1599,Male,White,57,19,35,75.87,87.48,7,10,3.98,1
1600,Female,Asian,40,14,22,69.39,45.73,3,6,3.51,0
1601,Male,White,38,12,14,41.93,91.19,1,10,3.67,0
1602,Male,Black,26,21,4,77.48,48.44,5,12,3.14,0
1603,Male,White,39,16,17,65.01,44.37,1,2,3.74,0
1604,Male,White,28,13,8,73.61,48.5,1,0,3.29,0
1605,Male,White,38,21,18,65.76,93.7,2,9,3.89,1
1606,Female,White,57,17,34,97.96,94.09,3,8,2.56,1
1607,Male,Hispanic,25,21,4,76.25,53.03,0,11,3.19,0
1608,Female,White,59,20,35,84.95,79.38,2,5,3.38,1
1609,Male,Other,46,12,28,96.18,77.3,5,12,2.79,1
1610,Female,Other,26,15,2,75.5,86.46,1,12,3.76,0
1611,Female,Black,51,12,31,40.72,50.76,6,11,3.96,0
1612,Female,White,33,12,13,42.06,65.71,0,6,2.99,0
1613,Female,White,25,19,2,82.14,76.74,7,0,2.78,1
1614,Male,Hispanic,45,13,24,56.75,31.84,3,0,2.94,0
1615,Male,White,50,12,27,74.76,56.37,4,3,3.71,1
1616,Female,White,30,19,12,52.14,78.71,7,6,3.29,0
1617,Non-Binary,Black,25,15,4,56.21,47.68,1,13,2.09,0
1618,Female,Hispanic,45,14,26,70.28,97.04,1,10,3.08,1
1619,Female,Hispanic,35,15,11,98.53,32.11,1,14,2.03,0
1620,Female,White,26,16,3,76.98,97.07,1,10,3.56,0
1621,Female,Asian,39,12,19,96.17,45.17,0,7,2.66,0
1622,Male,White,40,12,17,97.56,33.42,3,9,2.94,0
1623,Female,White,33,14,14,52.49,50.47,7,8,3.6,0
1624,Non-Binary,Hispanic,39,17,16,58.67,85.04,2,0,2.09,0
1625,Male,White,38,12,14,86.2,82.67,0,3,2.32,1
1626,Female,White,51,13,32,92.01,44.62,3,3,2.8,0
1627,Male,White,45,18,25,71.15,43.78,7,2,2.46,1
1628,Female,Hispanic,32,12,12,99.59,74.98,2,6,2.68,0
1629,Male,Hispanic,56,18,34,40.69,62.07,1,0,4.0,0
1630,Female,Asian,44,15,25,57.98,85.46,3,8,3.65,0
1631,Female,Hispanic,38,21,16,77.39,31.69,1,12,3.77,0
1632,Male,White,22,17,0,68.16,72.73,6,7,3.87,0
1633,Female,Black,36,19,12,47.0,81.15,3,1,2.68,0
1634,Female,White,53,20,30,62.07,99.54,5,1,2.59,1
1635,Non-Binary,White,30,17,10,41.53,77.51,4,7,2.47,0
1636,Male,Black,36,20,16,78.56,46.23,1,10,3.66,0
1637,Male,Other,49,15,26,93.56,37.57,1,13,3.36,1
1638,Male,White,45,17,25,93.09,74.86,1,14,2.47,1
1639,Non-Binary,White,56,19,33,81.97,66.62,5,0,2.75,1
1640,Non-Binary,White,43,20,24,67.95,92.94,0,12,3.01,1
1641,Female,White,48,14,24,70.72,80.86,2,6,3.06,0
1642,Female,Other,40,13,16,48.22,65.68,1,8,3.78,0
1643,Female,Black,33,17,15,60.46,58.25,1,11,2.76,0
1644,Female,Black,41,15,17,51.26,58.31,7,14,3.82,0
1645,Male,Hispanic,22,12,0,89.27,45.84,7,2,2.88,0
1646,Female,White,42,19,24,94.89,31.21,0,6,3.49,0
1647,Male,Black,22,20,0,72.22,70.24,0,5,3.86,0
1648,Female,Black,31,20,10,83.67,44.87,4,14,3.82,0
1649,Female,Black,53,13,35,47.29,44.58,3,6,2.11,0
1650,Female,Other,43,20,23,76.51,38.78,1,6,2.41,0
1651,Male,Hispanic,39,18,19,82.17,43.27,3,9,2.95,0
1652,Male,White,53,16,32,67.17,32.23,6,0,2.86,1
1653,Male,Hispanic,48,18,27,54.6,77.2,0,13,3.28,0
1654,Male,White,49,20,25,92.64,58.1,0,2,3.89,1
1655,Male,White,39,19,18,84.57,69.31,4,9,2.22,1
1656,Non-Binary,White,50,17,27,93.99,74.59,2,0,2.9,1
1657,Female,White,39,15,17,89.1,98.07,5,4,2.38,1
1658,Male,Black,29,12,6,99.42,34.78,5,2,3.79,0
1659,Male,Asian,52,17,34,51.53,59.25,5,0,3.93,1
1660,Male,Other,55,14,34,45.2,47.21,0,1,2.96,0
1661,Female,Black,28,17,8,60.22,63.37,1,9,2.21,0
1662,Female,Black,57,17,34,47.74,94.43,7,4,3.57,0
1663,Non-Binary,White,39,15,19,71.39,80.68,4,10,3.39,1
1664,Female,White,59,13,35,77.98,76.34,2,2,2.71,1
1665,Non-Binary,Black,30,20,10,74.7,60.89,6,5,3.77,0
1666,Female,Black,30,13,11,55.55,76.98,5,8,3.95,0
1667,Male,Hispanic,29,14,6,94.53,32.27,4,5,3.12,0
1668,Non-Binary,White,56,21,35,41.27,71.04,7,1,3.13,1
1669,Male,White,39,12,19,60.88,68.76,7,1,2.6,0
1670,Female,Black,26,18,4,83.14,54.26,0,14,3.17,0
1671,Male,White,35,12,17,86.02,44.11,5,12,2.88,1
1672,Female,White,49,20,25,64.97,86.53,2,12,2.6,1
1673,Female,Asian,51,12,28,41.01,33.77,6,7,2.13,0
1674,Female,White,25,16,3,77.08,34.88,3,10,2.51,0
1675,Female,Asian,41,18,17,43.79,60.84,7,7,2.4,0
1676,Male,White,46,14,23,46.47,47.68,7,5,3.08,0
1677,Male,White,49,20,27,79.02,82.18,6,9,3.2,1
1678,Male,White,33,19,11,58.75,74.39,7,6,3.22,1
1679,Male,Hispanic,23,14,5,60.88,84.08,2,0,2.78,0
1680,Female,White,35,16,16,69.21,52.73,6,14,2.84,1
1681,Male,Hispanic,43,18,21,98.71,81.84,1,11,3.67,1
1682,Non-Binary,White,52,15,33,97.93,90.36,5,8,2.95,1
1683,Female,Hispanic,44,16,23,64.98,54.17,5,4,3.98,0
1684,Female,White,41,14,23,55.93,53.79,3,8,2.88,0
1685,Male,Asian,59,20,35,58.16,93.0,6,1,3.3,1
1686,Female,Black,25,21,7,56.13,33.49,3,13,2.1,0
1687,Non-Binary,Other,36,20,12,71.93,54.51,6,7,3.31,0
1688,Female,White,45,18,25,76.41,38.31,5,6,3.7,1
1689,Female,White,46,21,26,69.33,32.03,1,10,3.88,0
1690,Female,White,22,13,3,64.48,37.9,7,13,3.99,0
1691,Male,Hispanic,28,18,8,52.68,60.19,6,3,2.56,0
1692,Female,Black,52,18,30,68.95,78.09,3,2,3.15,0
1693,Male,Hispanic,33,16,14,60.47,50.25,0,3,2.9,0
1694,Male,White,26,20,6,72.5,89.48,7,3,3.13,1
1695,Male,White,59,14,35,80.51,60.63,5,9,2.31,1
1696,Male,White,33,15,12,78.0,97.78,2,9,3.71,1
1697,Male,Other,39,12,20,67.75,96.79,2,7,3.82,1
1698,Male,Asian,23,17,0,73.36,84.13,7,12,2.9,1
1699,Non-Binary,Other,31,15,9,57.09,95.27,1,12,2.56,0
1700,Female,White,36,12,12,41.45,79.5,0,3,2.28,0
1701,Non-Binary,Asian,51,13,28,77.5,92.69,3,13,3.37,1
1702,Male,Asian,38,14,15,55.15,46.55,6,4,2.62,0
1703,Male,White,25,20,2,80.14,54.18,5,1,3.82,0
1704,Female,Hispanic,28,19,8,84.82,82.71,2,12,3.34,1
1705,Male,Other,52,18,33,94.96,59.72,2,3,3.29,1
1706,Male,Hispanic,55,15,35,97.49,88.61,2,6,3.12,1
1707,Female,Asian,27,12,9,40.63,91.43,2,2,2.09,0
1708,Male,White,59,19,35,99.42,50.98,4,13,3.86,1
1709,Female,White,55,15,33,80.98,87.64,1,13,3.26,1
1710,Female,Other,36,14,16,78.61,40.8,3,0,3.99,0
1711,Male,White,35,20,15,40.91,53.39,5,12,3.07,1
1712,Male,Asian,27,21,7,91.67,66.26,5,7,3.42,1
1713,Female,Asian,58,15,35,48.73,45.85,5,7,2.11,0
1714,Female,Asian,53,15,35,90.24,70.55,3,5,3.26,1
1715,Male,Other,24,20,2,40.93,70.51,1,6,3.53,0
1716,Non-Binary,White,24,13,3,78.76,44.48,7,14,3.56,0
1717,Male,White,43,16,25,66.09,85.69,7,9,3.54,1
1718,Female,White,43,15,22,52.05,74.22,0,10,2.45,0
1719,Non-Binary,Black,31,20,10,46.45,52.24,6,1,3.95,0
1720,Male,White,24,16,3,66.41,46.25,7,4,3.99,1
1721,Male,White,33,20,14,47.4,91.51,6,11,2.15,1
1722,Male,Hispanic,50,20,27,69.19,88.5,1,6,3.87,1
1723,Male,Other,38,13,15,77.51,46.08,2,14,2.58,0
1724,Male,White,28,20,7,89.64,32.49,6,8,3.38,1
1725,Female,White,34,14,13,80.72,86.32,2,0,2.68,0
1726,Male,Other,23,15,0,43.91,73.09,1,14,3.94,0
1727,Female,White,25,12,2,58.45,37.06,1,2,2.2,0
1728,Non-Binary,White,31,12,7,57.28,71.12,3,5,3.0,0
1729,Female,White,45,12,27,94.9,61.65,3,13,2.86,1
1730,Female,Black,38,20,14,92.07,84.22,4,6,2.65,1
1731,Male,White,27,19,7,62.21,44.64,5,5,3.29,1
1732,Female,Other,40,16,21,44.27,61.72,4,0,2.26,0
1733,Female,Black,26,16,8,93.65,40.94,5,3,3.43,0
1734,Male,Black,53,20,31,93.29,97.03,2,5,3.96,1
1735,Male,White,31,14,8,91.28,84.51,4,7,3.61,1
1736,Female,Black,30,14,9,90.7,81.57,4,9,3.72,0
1737,Male,Asian,48,18,30,68.82,78.31,0,14,2.72,1
1738,Male,Hispanic,34,20,13,50.65,59.63,1,13,2.65,0
1739,Male,Hispanic,40,17,18,68.65,94.63,3,3,3.03,1
1740,Male,Black,42,13,24,69.68,35.1,4,6,2.09,0
1741,Female,Other,45,12,22,69.4,86.23,3,10,3.89,0
1742,Female,Hispanic,59,13,35,72.33,45.07,5,2,2.29,0
1743,Female,Hispanic,25,12,4,55.46,52.68,4,7,3.81,0
1744,Male,White,45,21,24,61.97,66.36,5,0,2.17,1
1745,Male,White,56,21,35,66.05,84.79,7,3,3.65,1
1746,Female,White,24,20,0,47.87,88.7,7,7,2.3,0
1747,Male,Asian,25,21,7,67.32,70.86,4,9,2.08,1
1748,Male,Black,58,19,35,88.63,58.21,7,3,3.44,1
1749,Female,Black,56,18,35,89.68,96.26,6,1,2.56,1
1750,Male,Hispanic,52,14,29,64.69,47.26,2,1,3.43,0
1751,Female,Hispanic,46,19,27,71.13,86.22,0,3,3.11,0
1752,Male,Other,34,13,12,42.02,72.84,5,14,2.22,0
1753,Male,White,25,13,7,80.47,56.38,1,12,3.86,0
1754,Male,Asian,35,21,15,64.28,30.1,1,3,2.9,0
1755,Non-Binary,White,34,14,11,66.73,61.26,2,14,3.47,0
1756,Female,White,48,18,28,92.42,49.37,7,1,3.0,1
1757,Non-Binary,White,27,12,3,67.71,37.3,2,6,3.21,0
1758,Female,White,38,19,17,41.27,35.26,7,14,2.61,0
1759,Male,Black,57,18,34,53.65,54.33,6,5,2.4,0
1760,Female,Hispanic,56,15,34,68.54,73.03,1,10,3.09,0
1761,Female,White,38,16,20,65.46,88.63,5,2,2.88,0
1762,Female,Asian,23,21,0,91.62,42.85,1,7,2.78,0
1763,Male,Black,34,12,10,72.53,59.73,0,7,3.35,0
1764,Female,White,23,15,3,81.38,57.44,4,0,3.38,0
1765,Male,Black,49,12,25,68.16,65.94,7,2,2.09,0
1766,Male,White,47,12,24,66.38,86.67,0,4,2.68,1
1767,Female,Black,43,21,23,66.78,68.76,6,1,2.82,0
1768,Female,Black,24,12,0,64.66,89.27,6,11,2.19,0
1769,Male,White,56,18,35,72.32,66.3,7,11,2.47,1
1770,Male,White,33,18,11,55.03,72.27,7,4,2.1,1
1771,Female,Black,45,15,27,93.46,60.62,1,10,3.99,1
1772,Female,Other,26,13,7,59.99,87.62,4,9,3.47,0
1773,Female,White,41,14,18,48.85,94.67,1,2,2.17,0
1774,Non-Binary,Asian,34,19,12,45.79,74.74,0,14,2.04,0
1775,Female,Asian,33,19,11,40.81,87.45,0,8,3.44,0
1776,Male,Other,34,17,14,65.37,34.13,7,10,2.88,0
1777,Female,Hispanic,31,21,10,51.26,93.43,5,0,3.57,0
1778,Male,Black,54,20,34,41.3,43.22,5,3,3.85,0
1779,Male,Asian,37,20,14,71.2,47.96,0,9,3.2,0
1780,Female,Hispanic,56,15,33,80.8,33.73,4,5,2.37,0
1781,Male,White,24,12,4,45.15,97.58,7,14,3.56,0
1782,Non-Binary,White,26,12,5,67.66,89.64,6,8,3.91,1
1783,Female,White,47,21,29,84.62,93.92,5,2,3.16,1
1784,Female,Hispanic,32,16,12,99.15,89.31,5,14,3.36,1
1785,Female,Hispanic,28,13,5,80.03,63.57,3,2,2.67,0
1786,Female,White,31,17,10,54.69,94.69,3,14,2.76,0
1787,Female,Black,55,18,32,82.99,97.86,5,11,3.47,1
1788,Female,Black,24,12,3,75.88,65.18,1,4,3.86,0
1789,Male,White,29,17,8,52.71,42.29,4,6,3.26,0
1790,Female,Other,52,19,32,91.07,76.1,2,13,3.58,1
1791,Male,White,32,16,12,65.64,98.28,5,4,2.34,1
1792,Female,White,28,18,8,97.72,91.05,3,10,2.42,1
1793,Female,Black,23,21,2,83.37,90.33,4,7,3.06,0
1794,Female,Asian,27,17,6,78.67,95.37,4,4,2.35,0
1795,Male,White,53,15,30,83.7,92.58,3,6,3.27,1
1796,Male,Asian,41,18,19,68.69,84.34,7,5,2.58,1
1797,Female,Black,55,21,35,70.31,80.28,4,13,3.58,1
1798,Male,White,37,20,18,91.07,48.53,7,9,3.62,1
1799,Male,White,46,21,23,80.86,73.49,4,12,2.93,1
1800,Male,Black,33,21,10,93.83,66.5,3,1,2.36,1
1801,Non-Binary,White,28,18,4,93.45,90.34,0,2,3.29,1
1802,Female,Other,38,16,18,98.59,64.42,5,10,3.99,1
1803,Male,Hispanic,32,18,14,82.01,38.94,1,10,3.25,0
1804,Male,Other,27,14,4,70.14,30.35,7,3,2.07,0
1805,Male,White,44,13,20,49.98,77.45,2,4,2.03,0
1806,Female,Other,48,16,29,82.32,68.49,1,8,2.64,0
1807,Female,Black,27,15,8,57.49,53.17,0,5,2.39,0
1808,Male,White,59,16,35,56.98,41.83,6,0,3.63,1
1809,Male,White,23,19,3,54.3,62.67,0,2,3.69,0
1810,Male,White,43,15,22,92.51,37.02,4,6,2.52,1
1811,Female,Asian,41,20,17,92.08,53.53,1,7,2.65,0
1812,Female,Black,46,18,25,77.86,56.54,7,6,2.47,0
1813,Male,White,36,21,17,68.38,62.59,7,4,3.82,1
1814,Male,Asian,50,18,31,80.33,62.66,0,14,3.01,1
1815,Male,White,29,19,7,76.43,47.99,1,9,3.31,0
1816,Non-Binary,Black,58,17,35,64.94,89.51,0,7,2.83,0
1817,Male,White,54,19,35,62.78,54.89,2,8,3.26,1
1818,Female,Hispanic,43,14,21,62.97,46.07,0,6,2.77,0
1819,Female,Hispanic,26,21,4,75.35,42.31,1,10,2.68,0
1820,Male,Black,39,21,21,78.86,52.58,4,8,3.27,1
1821,Male,White,59,12,35,67.1,34.73,1,0,3.18,0
1822,Male,White,58,17,35,98.12,32.3,3,13,2.59,1
1823,Female,Hispanic,51,12,28,45.03,72.36,1,8,2.3,0
1824,Female,White,52,20,29,60.82,73.34,2,2,2.74,0
1825,Female,White,31,13,11,65.14,67.07,5,5,2.83,0
1826,Female,White,36,13,13,41.02,83.36,2,7,3.26,0
1827,Male,Black,39,18,16,61.9,32.74,2,2,3.83,0
1828,Non-Binary,Black,44,13,22,56.42,95.52,0,3,2.07,0
1829,Female,Hispanic,54,21,31,70.36,36.65,2,6,2.49,0
1830,Male,White,37,19,16,60.18,77.18,1,11,2.39,1
1831,Non-Binary,White,59,17,35,83.57,39.34,7,6,3.0,1
1832,Female,Hispanic,56,18,34,70.6,91.59,5,3,2.86,0
1833,Female,Hispanic,55,18,35,47.79,65.75,7,8,3.46,0
1834,Female,White,49,17,25,85.0,35.76,6,12,2.48,1
1835,Female,Black,23,21,1,45.95,73.17,4,2,3.19,0
1836,Female,White,51,20,28,90.34,30.64,6,11,3.77,1
1837,Male,Other,34,20,13,95.89,84.32,2,7,3.82,1
1838,Male,White,37,18,19,59.35,75.54,7,7,3.92,1
1839,Non-Binary,Other,26,20,4,95.57,44.88,1,12,3.55,0
1840,Male,Asian,49,21,28,87.58,56.23,0,3,3.81,1
1841,Male,Black,41,14,23,95.35,30.55,0,6,2.47,0
1842,Male,White,45,14,21,79.98,78.56,4,3,2.4,1
1843,Male,Black,48,12,29,54.14,52.59,4,12,2.01,0
1844,Female,Black,51,16,27,93.67,70.01,1,11,3.41,1
1845,Non-Binary,White,48,15,29,51.06,96.97,4,0,3.87,1
1846,Male,Asian,47,13,27,52.78,50.96,7,0,2.37,0
1847,Male,Other,28,20,9,56.26,99.32,7,13,3.27,1
1848,Male,Black,59,14,35,58.25,74.29,4,0,3.49,1
1849,Female,Asian,26,19,4,70.87,46.95,0,1,3.86,0
1850,Female,White,44,17,24,82.81,60.57,1,5,3.29,0
1851,Male,Black,49,16,28,95.57,81.83,5,11,3.94,1
1852,Female,White,55,12,35,45.31,61.25,4,9,2.69,0
1853,Female,Asian,36,15,15,97.26,34.8,1,10,2.7,0
1854,Female,Other,53,14,35,95.28,41.8,2,4,3.09,0
1855,Non-Binary,Asian,47,12,29,43.24,85.39,0,10,2.77,0
1856,Male,White,52,16,33,61.62,75.39,5,1,2.0,1
1857,Female,White,40,17,21,88.79,69.89,7,7,3.46,1
1858,Female,Black,30,13,11,76.69,41.73,0,8,3.5,0
1859,Female,Black,50,14,30,86.75,88.64,0,6,3.49,0
1860,Female,Hispanic,25,17,6,83.14,97.25,7,11,2.69,0
1861,Female,Hispanic,24,15,4,69.81,32.86,3,13,3.04,0
1862,Female,Asian,50,20,30,42.47,35.46,1,14,2.72,0
1863,Male,White,32,16,9,75.06,91.93,7,14,2.03,1
1864,Female,White,54,15,31,42.91,87.09,2,11,3.12,0
1865,Non-Binary,White,59,13,35,76.22,73.26,4,8,2.25,1
1866,Non-Binary,White,32,17,14,88.02,96.15,2,3,2.16,1
1867,Male,Black,48,21,27,75.1,75.25,1,12,3.51,1
1868,Male,Asian,54,13,32,99.82,45.12,7,6,2.02,1
1869,Male,Asian,42,18,18,67.35,81.0,0,4,3.92,1
1870,Female,White,52,14,29,84.93,75.2,7,4,3.03,0
1871,Female,White,59,20,35,80.03,99.0,3,2,3.97,1
1872,Male,White,23,16,0,99.49,44.97,1,8,2.12,0
1873,Female,White,48,19,25,82.79,71.85,5,12,3.17,1
1874,Female,Hispanic,57,17,35,49.84,84.61,5,9,2.7,1
1875,Female,White,32,21,11,97.33,53.73,1,4,3.69,1
1876,Female,Black,39,19,19,80.07,56.58,4,5,2.72,0
1877,Female,White,22,14,0,43.56,92.15,2,2,2.52,0
1878,Female,Hispanic,56,14,35,79.45,58.29,2,9,3.72,0
1879,Male,Black,56,16,33,92.99,73.73,4,6,2.75,1
1880,Female,White,52,21,32,74.62,92.25,3,8,2.03,1
1881,Female,Black,49,14,25,61.24,44.69,0,8,2.78,0
1882,Female,Asian,22,19,4,89.25,98.73,6,13,3.31,1
1883,Female,Other,46,21,28,86.95,79.14,6,14,2.51,1
1884,Female,White,59,19,35,72.65,64.73,0,12,2.86,1
1885,Male,Hispanic,41,13,20,49.26,60.16,5,9,2.11,0
1886,Female,Other,24,15,6,55.06,96.81,3,13,3.18,0
1887,Male,Other,23,21,0,84.31,44.4,4,9,3.51,0
1888,Male,Asian,39,12,18,88.36,51.82,6,4,2.83,0
1889,Female,Asian,31,15,11,56.76,51.55,1,6,2.84,0
1890,Non-Binary,Black,26,15,7,62.08,50.23,7,12,2.18,0
1891,Male,Hispanic,30,21,8,44.66,62.8,2,11,2.4,0
1892,Male,Black,23,20,2,82.81,99.24,7,11,2.31,1
1893,Female,Asian,55,14,31,40.21,92.22,1,12,2.96,0
1894,Male,Black,59,13,35,42.79,52.96,2,2,3.06,0
1895,Female,Asian,52,20,28,40.26,59.6,1,5,3.9,0
1896,Female,Hispanic,31,20,10,78.72,76.86,4,11,2.15,0
1897,Female,White,33,12,14,65.04,31.2,4,7,3.2,0
1898,Male,Hispanic,57,17,35,57.85,87.41,3,12,3.05,1
1899,Male,Black,42,21,20,94.76,91.59,1,7,3.03,1
1900,Female,Hispanic,27,19,3,51.57,90.0,1,1,3.75,0
1901,Female,Black,24,14,4,63.36,56.25,3,5,2.41,0
1902,Male,White,31,20,11,96.42,62.34,3,6,2.08,1
1903,Female,Other,26,13,7,65.63,30.87,7,11,3.34,0
1904,Male,White,47,17,25,73.28,57.96,4,6,2.69,1
1905,Female,Hispanic,42,12,18,44.82,62.23,7,2,2.04,0
1906,Male,Black,47,18,23,87.41,93.49,4,13,2.5,1
1907,Non-Binary,Black,59,14,35,65.37,92.58,7,13,2.62,1
1908,Male,White,47,18,26,88.03,97.63,5,8,3.23,1
1909,Male,Black,29,15,10,55.23,91.96,1,1,2.35,0
1910,Male,White,26,20,6,65.35,30.57,7,10,2.83,1
1911,Male,White,36,16,16,87.19,74.9,7,2,2.96,1
1912,Female,White,37,14,16,98.43,34.78,4,14,2.92,0
1913,Non-Binary,White,22,19,0,43.58,49.08,6,10,3.95,0
1914,Male,Other,37,17,16,88.75,70.48,4,1,2.09,1
1915,Male,Other,58,13,35,58.04,79.04,1,10,3.9,1
1916,Female,White,24,14,0,73.04,75.82,3,8,3.16,0
1917,Female,Asian,52,19,31,57.41,33.43,1,3,3.59,0
1918,Female,White,34,21,10,76.81,37.25,6,1,2.86,0
1919,Male,Asian,37,18,18,61.23,39.0,0,2,2.91,0
1920,Male,Hispanic,42,21,24,60.02,36.4,1,12,3.76,1
1921,Female,Other,23,17,4,42.28,42.48,0,3,3.79,0
1922,Male,Black,48,12,26,48.82,78.19,7,14,2.48,0
1923,Female,Hispanic,59,20,35,95.02,88.16,1,13,2.4,1
1924,Male,White,47,14,27,99.9,58.62,6,9,2.99,1
1925,Female,Other,59,16,35,86.83,78.49,0,12,3.8,1
1926,Male,White,46,18,28,57.21,44.0,0,5,2.64,0
1927,Female,Asian,32,18,13,64.15,98.13,6,4,3.3,0
1928,Female,Asian,29,14,5,84.37,54.5,1,2,3.42,0
1929,Female,Asian,29,15,11,98.11,89.21,5,9,3.56,1
1930,Male,White,54,21,31,67.33,96.18,4,7,3.13,1
1931,Female,Other,28,18,6,89.77,90.53,2,7,2.8,0
1932,Female,White,59,19,35,98.5,34.69,4,6,3.93,1
1933,Female,Asian,42,13,23,92.41,75.52,0,2,3.22,0
1934,Female,White,29,20,6,53.63,38.41,7,13,3.46,0
1935,Female,White,42,18,19,40.48,30.4,1,14,2.69,0
1936,Female,Black,41,19,19,69.52,33.62,1,0,3.34,0
1937,Male,Black,29,17,7,71.88,94.13,7,4,2.52,0
1938,Female,White,52,17,30,52.08,93.59,1,0,2.49,0
1939,Female,White,50,20,32,57.08,45.81,1,5,3.43,0
1940,Male,Black,30,15,8,85.91,68.29,5,10,3.04,1
1941,Male,Hispanic,36,16,13,68.22,96.85,2,6,3.37,0
1942,Male,Hispanic,51,20,31,59.04,64.77,3,14,2.54,1
1943,Female,White,47,12,27,77.36,57.55,0,14,3.2,0
1944,Female,White,31,15,9,79.17,63.83,2,11,2.89,0
1945,Female,White,50,18,32,86.16,85.32,4,4,3.19,1
1946,Female,White,37,20,16,49.4,63.41,3,3,2.58,0
1947,Male,Asian,57,21,33,84.49,84.83,3,1,3.43,1
1948,Male,Asian,41,17,22,75.97,60.22,7,4,3.61,1
1949,Male,White,58,19,35,43.45,47.64,1,8,2.52,0
1950,Male,White,43,20,22,86.65,52.85,2,3,2.6,1
1951,Male,White,28,21,9,62.98,35.45,7,13,3.32,1
1952,Male,Hispanic,44,15,23,59.82,64.82,4,1,3.39,0
1953,Female,Other,50,12,29,66.88,40.37,1,12,3.41,0
1954,Female,White,37,19,17,60.77,86.81,1,14,3.37,1
1955,Non-Binary,White,59,13,35,60.3,59.44,6,5,2.79,1
1956,Non-Binary,Hispanic,49,12,28,88.48,83.55,6,7,2.79,1
1957,Female,Other,59,18,35,47.47,96.81,6,1,2.51,1
1958,Male,Black,52,21,33,98.24,89.46,5,8,2.31,1
1959,Female,White,35,20,17,73.3,96.6,7,6,3.39,1
1960,Female,White,54,20,34,50.98,69.76,0,13,2.19,0
1961,Male,Black,30,14,11,47.87,41.57,3,12,3.88,0
1962,Male,White,48,17,26,75.49,95.48,4,1,3.65,1
1963,Female,White,45,18,23,77.98,90.8,3,10,3.72,1
1964,Male,Black,34,21,13,43.18,90.51,2,4,3.81,1
1965,Female,White,47,20,25,54.58,78.53,0,4,2.82,0
1966,Female,Hispanic,50,13,26,87.73,73.74,1,6,3.69,0
1967,Male,White,49,19,27,42.98,31.03,0,12,2.32,0
1968,Male,White,49,18,28,91.31,82.36,1,14,2.04,1
1969,Male,Black,29,15,10,79.49,36.41,7,4,3.57,0
1970,Male,White,44,13,22,66.07,48.18,6,10,2.15,1
1971,Male,Other,50,19,30,60.79,68.6,0,13,3.98,1
1972,Female,Black,26,16,8,41.15,61.62,1,5,3.35,0
1973,Male,White,28,17,8,89.51,31.1,3,13,3.51,1
1974,Female,Asian,57,18,35,48.56,87.68,6,8,2.49,1
1975,Male,White,48,21,29,58.57,91.52,6,2,3.35,1
1976,Non-Binary,Other,23,12,0,74.15,77.73,6,2,2.09,0
1977,Male,White,46,19,28,54.76,67.87,3,7,3.68,1
1978,Male,Black,30,15,10,69.83,97.25,3,9,2.34,0
1979,Female,White,48,20,28,88.56,38.4,3,11,3.39,1
1980,Female,Black,22,12,0,68.23,81.65,6,5,2.45,0
1981,Male,Hispanic,44,13,25,96.94,38.99,0,11,2.14,0
1982,Female,Hispanic,31,17,13,90.85,56.73,1,9,2.96,0
1983,Female,White,46,21,26,59.98,70.98,3,2,2.34,1
1984,Female,White,24,12,3,64.0,81.6,0,1,3.46,0
1985,Male,Hispanic,27,15,8,65.4,30.26,1,12,2.48,0
1986,Male,Other,27,19,9,77.57,48.24,6,1,2.68,1
1987,Female,White,23,21,3,57.21,67.67,0,1,3.13,0
1988,Female,Black,39,16,19,98.15,67.3,6,14,2.57,1
1989,Male,White,44,20,21,76.52,74.63,5,4,2.76,1
1990,Female,Hispanic,23,17,5,63.96,51.27,3,14,3.63,0
1991,Female,White,33,12,12,78.7,67.84,2,11,2.36,0
1992,Male,White,43,17,24,63.72,43.29,0,4,2.16,0
1993,Female,Hispanic,58,17,35,89.07,43.08,3,0,2.66,0
1994,Male,White,41,17,17,74.07,70.36,4,1,2.85,1
1995,Female,Black,45,19,24,42.52,77.98,1,1,3.09,0
1996,Female,Black,41,17,19,50.61,38.43,5,14,2.74,0
1997,Non-Binary,White,22,16,1,91.9,38.6,3,3,3.58,0
1998,Male,White,22,13,4,73.77,69.57,4,6,2.08,0
1999,Male,Black,38,15,16,97.02,48.91,0,2,2.86,0
2000,Male,White,22,21,4,44.35,57.47,0,4,2.76,0
